Eesti üldapteekide vastavus 01.04.2020 rakenduvatele apteegireformi nõuetele;;;;;;;;;;;
Seisuga 01.01.2020 (Ravimiameti inspektsiooniosakond);;;;;;;;;;;
Tegutsemiskoha kood;Apteegi nimetus;Aadress;Tegevusloa omaja;VASTAVUS NÕUETELE;Värv kaardil;Põhiapteek/haruapteek;Maakond;ASUKOHT;;;
106;Abja Apteek;Viljandi maakond Abja vald Abja-Paluoja linn Oru tn 1-1;Osaühing Abja Apteek;Jah;Roheline;Põhiapteek;Viljandi maakond;Alla 4000 elanikuga linnas;;;
298;Aia Apteek;Harju maakond Tallinn Kesklinna linnaosa Narva mnt 7;BENU Apteek Eesti OÜ;Ei;Punane;Põhiapteek;Harju maakond;Suuremas linnas (vähemalt 4000 elanikku);;;
2077;Aia Apteek HA1;Harju maakond - Maardu linn Keemikute tn 25;BENU Apteek Eesti OÜ;Ei;Punane;Haruapteek;Harju maakond;Suuremas linnas (vähemalt 4000 elanikku);;;
170;Aime Apteek;Harju maakond Tallinn Põhja-Tallinna linnaosa Kari tn 3;BENU Apteek Eesti OÜ;Ei;Punane;Põhiapteek;Harju maakond;Suuremas linnas (vähemalt 4000 elanikku);;;
196;Akadeemia Konsumi Apteek;Harju maakond Tallinn Mustamäe linnaosa Akadeemia tee 35;Terve Pere Apteek OÜ;Ei;Punane;Põhiapteek;Harju maakond;Suuremas linnas (vähemalt 4000 elanikku);;;
2133;Akadeemia Konsumi Apteek HA1;Harju maakond Tallinn Pirita linnaosa Rummu tee 4;Terve Pere Apteek OÜ;Ei;Punane;Haruapteek;Harju maakond;Suuremas linnas (vähemalt 4000 elanikku);;;
158;Alatskivi Apteek;Tartu maakond Peipsiääre vald Alatskivi alevik Lossi tn 4;Tiina Järsi Alatskivi Apteek;Jah;Roheline;Põhiapteek;Tartu maakond;Maal;;;
2052;Alatskivi Apteek HA1;Tartu maakond Peipsiääre vald Kolkja alevik ;Tiina Järsi Alatskivi Apteek;Jah;Roheline;Haruapteek;Tartu maakond;Maal;;;
1358;Allee Apteek;Ida-Viru maakond Kohtla-Järve linn Järve linnaosa Põhja allee 4;BENU Apteek Eesti OÜ;Ei;Punane;Põhiapteek;Ida-Viru maakond;Suuremas linnas (vähemalt 4000 elanikku);;;
95;Anne Selveri Apteek;Tartu maakond - Tartu linn Kalda tee 43;Terve Pere Apteek OÜ;Ei;Punane;Põhiapteek;Tartu maakond;Suuremas linnas (vähemalt 4000 elanikku);;;
238;Anne Südameapteek;Tartu maakond - Tartu linn Jaama tn 74;Pharma Group OÜ;Ei;Punane;Põhiapteek;Tartu maakond;Suuremas linnas (vähemalt 4000 elanikku);;;
1327;Annelinna Apteek;Tartu maakond - Tartu linn Anne tn 57;Osaühing EUROAPTEEK;Ei;Punane;Põhiapteek;Tartu maakond;Suuremas linnas (vähemalt 4000 elanikku);;;
2163;Annelinna Apteek HA1;Tartu maakond - Tartu linn Kalda tee 32;Osaühing EUROAPTEEK;Ei;Punane;Haruapteek;Tartu maakond;Suuremas linnas (vähemalt 4000 elanikku);;;
2221;Annelinna Apteek HA2;Tartu maakond - Tartu linn Ilmatsalu tn 11;Osaühing EUROAPTEEK;Ei;Punane;Haruapteek;Tartu maakond;Suuremas linnas (vähemalt 4000 elanikku);;;
131;Annelinna Prisma Südameapteek;Tartu maakond - Tartu linn Nõlvaku tn 2;Pharma Group OÜ;Ei;Punane;Põhiapteek;Tartu maakond;Suuremas linnas (vähemalt 4000 elanikku);;;
1471;Annelinna Tervisekeskuse Apteek;Tartu maakond Tartu linn Mõisavahe tn 34b;Augustina Apteek OÜ;Jah;Roheline;Põhiapteek;Tartu maakond;Suuremas linnas (vähemalt 4000 elanikku);;;
173;Antsla Apteek;Võru maakond Antsla vald Antsla linn Põllu tn 2;OÜ Reiola;Jah;Roheline;Põhiapteek;Võru maakond;Alla 4000 elanikuga linnas;;;
205;Apotheka Viru Keskuse Apteek;Harju maakond Tallinn Kesklinna linnaosa Viru väljak 4;Terve Pere Apteek OÜ;Ei;Punane;Põhiapteek;Harju maakond;Suuremas linnas (vähemalt 4000 elanikku);;;
2122;Apotheka Viru Keskuse Apteek HA1;Harju maakond Tallinn Lasnamäe linnaosa J. Smuuli tee 43;Terve Pere Apteek OÜ;Ei;Punane;Haruapteek;Harju maakond;Suuremas linnas (vähemalt 4000 elanikku);;;
2207;Apotheka Viru Keskuse Apteek HA2;Harju maakond Saue vald Laagri alevik Pärnu mnt 558a;Terve Pere Apteek OÜ;Ei;Punane;Haruapteek;Harju maakond;Maal;;;
2232;Apotheka Viru Keskuse Apteek HA3;Rapla maakond Rapla vald Rapla linn Tallinna mnt 4;Terve Pere Apteek OÜ;Ei;Punane;Haruapteek;Rapla maakond;Suuremas linnas (vähemalt 4000 elanikku);;;
67;Aravete Apteek;Järva maakond, Järva vald, Aravete alevik, Lasteaia tn 4;Täisühing Aravete Apteek;Jah;Roheline;Põhiapteek;Järva maakond;Maal;;;
2021;Aravete Apteek HA1;Harju maakond Anija vald Aegviidu alev Kase tn 10;Täisühing Aravete Apteek;Jah;Roheline;Haruapteek;Harju maakond;Maal;;;
1444;Arsenali Apteek;Harju maakond Tallinn Põhja-Tallinna linnaosa Erika tn 14;AV Apteek OÜ;Jah;Roheline;Põhiapteek;Harju maakond;Suuremas linnas (vähemalt 4000 elanikku);;;
1464;Auriga Keskuse Apteek ;Saare maakond, Saaremaa vald, Kudjape alevik, Tallinna tn 88;OÜ VR Apteegid ;Jah;Roheline;Põhiapteek;Saare maakond;Maal;;;
229;Balti Jaama Apteek;Harju maakond Tallinn Põhja-Tallinna linnaosa Toompuiestee 37;Terve Pere Apteek OÜ;Ei;Punane;Põhiapteek;Harju maakond;Suuremas linnas (vähemalt 4000 elanikku);;;
1442;Balti Jaama Turu Apteek;Harju maakond Tallinn Põhja-Tallinna linnaosa Kopli tn 1;Anne Apteegid OÜ;Jah;Roheline;Põhiapteek;Harju maakond;Suuremas linnas (vähemalt 4000 elanikku);;;
112;Centrumi Apteek;Viljandi maakond - Viljandi linn Tallinna tn 24;OÜ Viljandi Vana-Apteek;Ei;Punane;Põhiapteek;Viljandi maakond;Suuremas linnas (vähemalt 4000 elanikku);;;
2140;Centrumi Apteek HA1;Viljandi maakond - Võhma linn Tallinna tn 17;OÜ Viljandi Vana-Apteek;Ei;Punane;Haruapteek;Viljandi maakond;Alla 4000 elanikuga linnas;;;
2233;Centrumi Apteek HA3;Viljandi maakond Tarvastu vald Mustla alevik Posti tn 36;OÜ Viljandi Vana-Apteek;Ei;Punane;Haruapteek;Viljandi maakond;Maal;;;
230;Eedeni Keskuse Apteek;Tartu maakond - Tartu linn Kalda tee 1c;Terve Pere Apteek OÜ;Ei;Punane;Põhiapteek;Tartu maakond;Suuremas linnas (vähemalt 4000 elanikku);;;
2146;Eedeni Keskuse Apteek HA1;Tartu maakond - Tartu linn Rebase tn 10;Terve Pere Apteek OÜ;Ei;Punane;Haruapteek;Tartu maakond;Suuremas linnas (vähemalt 4000 elanikku);;;
1432;Ehitajate Tee Apteek;Harju maakond Tallinn Haabersti linnaosa Ehitajate tee 148;OÜ Kvatropharma;Jah;Roheline;Põhiapteek;Harju maakond;Suuremas linnas (vähemalt 4000 elanikku);;;
2334;Ehitajate Tee Apteek HA1;Harju maakond, Rae vald, Jüri alevik, Aruküla tee 7;OÜ Kvatropharma;Jah;Roheline;Haruapteek;Harju maakond;Maal;;;
246;Elite Apteek;Tartu maakond - Tartu linn Sangla tn 63;OÜ Apteek Elite;Ei;Kollane;Põhiapteek;Tartu maakond;Suuremas linnas (vähemalt 4000 elanikku);;;
161;Elva Apteek;Tartu maakond - Elva linn Kesk tn 35;Terve Pere Apteek OÜ;Ei;Punane;Põhiapteek;Tartu maakond;Suuremas linnas (vähemalt 4000 elanikku);;;
236;Elva Kesklinna Apteek;Tartu maakond - Elva linn Kesk tn 23;osaühing Raves MK;Jah;Roheline;Põhiapteek;Tartu maakond;Suuremas linnas (vähemalt 4000 elanikku);;;
2063;Elva Kesklinna Apteek HA1;Tartu maakond - Elva linn Kesk tn 1;osaühing Raves MK;Ei;Kollane;Haruapteek;Tartu maakond;Suuremas linnas (vähemalt 4000 elanikku);;;
1465;Elva Tervisekeskuse Apteek ;Tartu maakond, Elva vald, Elva linn, Supelranna tn 21;Nordic Pharmacy OÜ;Jah;Roheline;Põhiapteek;Tartu maakond;Suuremas linnas (vähemalt 4000 elanikku);;;
2304;Elva Tervisekeskuse Apteek HA1;Tartu maakond Kambja vald Ülenurme alevik Võru mnt 2;Nordic Pharmacy OÜ;Jah;Roheline;Haruapteek;Tartu maakond;Maal;;;
203;Fama Keskuse Apteek;Ida-Viru maakond - Narva linn Fama tn 10;TPA Narva Apteegid OÜ;Ei;Punane;Põhiapteek;Ida-Viru maakond;Suuremas linnas (vähemalt 4000 elanikku);;;
2260;Fama Keskuse Apteek HA2;Ida-Viru maakond - Narva linn Kangelaste prospekt 29;TPA Narva Apteegid OÜ;Ei;Punane;Haruapteek;Ida-Viru maakond;Suuremas linnas (vähemalt 4000 elanikku);;;
2308;Fama Keskuse Apteek HA3;Ida-Viru maakond - Narva linn Tallinna mnt 41;TPA Narva Apteegid OÜ;Ei;Punane;Haruapteek;Ida-Viru maakond;Suuremas linnas (vähemalt 4000 elanikku);;;
232;Gildi Apteek;Tartu maakond - Tartu linn Gildi tn 8;osaühing TARTU UUSAPTEEK;Jah;Roheline;Põhiapteek;Tartu maakond;Suuremas linnas (vähemalt 4000 elanikku);;;
318;Haabersti Rimi Apteek;Harju maakond Tallinn Haabersti linnaosa Haabersti tn 1;Terve Pere Apteek OÜ;Ei;Punane;Põhiapteek;Harju maakond;Suuremas linnas (vähemalt 4000 elanikku);;;
118;Haabersti Tervisekeskuse Südameapteek;Harju maakond Tallinn Haabersti linnaosa Õismäe tee 179;Pharma Group OÜ;Ei;Punane;Põhiapteek;Harju maakond;Suuremas linnas (vähemalt 4000 elanikku);;;
34;Haapsalu Südameapteek;Lääne maakond - Haapsalu linn Jaama tn 32;Pharma Group OÜ;Ei;Punane;Põhiapteek;Lääne maakond;Suuremas linnas (vähemalt 4000 elanikku);;;
207;Herba Apteek;Harju maakond Tallinn Lasnamäe linnaosa Majaka tn 28a;Herba Apteegi Aktsiaselts;Ei;Punane;Põhiapteek;Harju maakond;Suuremas linnas (vähemalt 4000 elanikku);;;
1451;Hiiu Rimi Apteek;Harju maakond Tallinn Nõmme linnaosa Pärnu mnt 386;MAPharm OÜ;Jah;Roheline;Põhiapteek;Harju maakond;Suuremas linnas (vähemalt 4000 elanikku);;;
104;Häädemeeste Apteek;Pärnu maakond Häädemeeste vald Häädemeeste alevik Pärnu mnt 15;osaühing Häädemeeste Apteek;Jah;Roheline;Põhiapteek;Pärnu maakond;Maal;;;
1417;Iidla Kaubanduskeskuse  Südameapteek;Ida-Viru maakond Kohtla-Järve linn Ahtme linnaosa Maleva tn 23;Pharma Group OÜ;Ei;Punane;Põhiapteek;Ida-Viru maakond;Suuremas linnas (vähemalt 4000 elanikku);;;
2318;Iidla Kaubanduskeskuse Südameapteek HA2;Ida-Viru maakond Kohtla-Järve linn Ahtme linnaosa Tervise tn 1;Pharma Group OÜ;Ei;Punane;Haruapteek;Ida-Viru maakond;Suuremas linnas (vähemalt 4000 elanikku);;;
75;Iisaku Apteek;Ida-Viru maakond Alutaguse vald Iisaku alevik Tartu mnt 48;ANU TETTINGU APTEEK;Jah;Roheline;Põhiapteek;Ida-Viru maakond;Maal;;;
206;Jaama Apteek;Lääne-Viru maakond Tapa vald Tapa linn Lai tn 5;Osaühing UHMER;Jah;Roheline;Põhiapteek;Lääne-Viru maakond;Suuremas linnas (vähemalt 4000 elanikku);;;
1342;Jakobsoni Apteek;Harju maakond Tallinn Kesklinna linnaosa Tartu mnt 49;Osaühing EUROAPTEEK;Ei;Punane;Põhiapteek;Harju maakond;Suuremas linnas (vähemalt 4000 elanikku);;;
2240;Jakobsoni apteek HA1;Ida-Viru maakond - Narva linn Kreenholmi tn 52;Osaühing EUROAPTEEK;Ei;Punane;Haruapteek;Ida-Viru maakond;Suuremas linnas (vähemalt 4000 elanikku);;;
287;Jannseni Apteek;Harju maakond Tallinn Nõmme linnaosa J. V. Jannseni tn 37;Terve Pere Apteek OÜ;Ei;Punane;Põhiapteek;Harju maakond;Suuremas linnas (vähemalt 4000 elanikku);;;
3;Jõe Apteek;Harju maakond Tallinn Kesklinna linnaosa Narva mnt 21;BENU Apteek Eesti OÜ;Ei;Punane;Põhiapteek;Harju maakond;Suuremas linnas (vähemalt 4000 elanikku);;;
2203;Jõe Apteek HA2;Harju maakond Tallinn Mustamäe linnaosa E. Vilde tee 101;BENU Apteek Eesti OÜ;Ei;Punane;Haruapteek;Harju maakond;Suuremas linnas (vähemalt 4000 elanikku);;;
144;Jõgeva Apteek;Jõgeva maakond - Jõgeva linn Piiri tn 6;Osaühing Jõgeva Apteegid;Ei;Kollane;Põhiapteek;Jõgeva maakond;Suuremas linnas (vähemalt 4000 elanikku);;;
2084;Jõgeva Apteek HA1;Jõgeva maakond - Jõgeva linn Aia tn 3;Osaühing Jõgeva Apteegid;Ei;Kollane;Haruapteek;Jõgeva maakond;Suuremas linnas (vähemalt 4000 elanikku);;;
1443;Jõgeva Euroapteek;Jõgeva maakond - Jõgeva linn Suur tn 19;OÜ Pharmandia;Jah;Roheline;Põhiapteek;Jõgeva maakond;Suuremas linnas (vähemalt 4000 elanikku);;;
2331;Jõgeva Euroapteek HA1;Tartu maakond Tartu vald Vahi alevik Piparmündi tn 1 ;OÜ Pharmandia;Jah;Roheline;Haruapteek;Tartu maakond;Maal;;;
1450;Jõgeva Keskapteek;Jõgeva maakond - Jõgeva linn Kesk tn 4;Proviisorapteek OÜ;Jah;Roheline;Põhiapteek;Jõgeva maakond;Suuremas linnas (vähemalt 4000 elanikku);;;
1421;Jõgeva Keskuse Apteek;Jõgeva maakond - Jõgeva linn Aia tn 33;OÜ PharmaTwo;Jah;Roheline;Põhiapteek;Jõgeva maakond;Suuremas linnas (vähemalt 4000 elanikku);;;
73;Jõhvi Apteek;Ida-Viru maakond Jõhvi vald Jõhvi linn Narva mnt 3;OSAÜHING JÕHVI APTEEK;Jah;Roheline;Põhiapteek;Ida-Viru maakond;Suuremas linnas (vähemalt 4000 elanikku);;;
2022;Jõhvi Apteek HA1;Ida-Viru maakond Kohtla-Järve linn Ahtme linnaosa Estonia pst 30a;OSAÜHING JÕHVI APTEEK;Ei;Kollane;Haruapteek;Ida-Viru maakond;Suuremas linnas (vähemalt 4000 elanikku);;;
1411;Jõhvi Euroapteek;Ida-Viru maakond Jõhvi vald Jõhvi linn Rakvere tn 29;OÜ PharmaThree;Jah;Roheline;Põhiapteek;Ida-Viru maakond;Suuremas linnas (vähemalt 4000 elanikku);;;
1437;Jõhvi Grossi Keskuse Apteek ;Ida-Viru maakond Jõhvi vald Jõhvi linn Tartu mnt 15a;OÜ KONVALLARIA;Jah;Roheline;Põhiapteek;Ida-Viru maakond;Suuremas linnas (vähemalt 4000 elanikku);;;
316;Jõhvi Keskväljaku Apteek;Ida-Viru maakond Jõhvi vald Jõhvi linn Keskväljak 4;Terve Pere Apteek OÜ;Ei;Punane;Põhiapteek;Ida-Viru maakond;Suuremas linnas (vähemalt 4000 elanikku);;;
2064;Jõhvi Keskväljaku Apteek HA1;Ida-Viru maakond Jõhvi vald Jõhvi linn Narva mnt 4b;Terve Pere Apteek OÜ;Ei;Punane;Haruapteek;Ida-Viru maakond;Suuremas linnas (vähemalt 4000 elanikku);;;
127;Järva-Jaani Apteek;Järva maakond Järva-Jaani vald Järva-Jaani alev Kase tn 1;osaühing Järva-Jaani Apteek;Jah;Roheline;Põhiapteek;Järva maakond;Maal;;;
145;Järve Selveri Apteek;Harju maakond Tallinn Nõmme linnaosa Pärnu mnt 238;Terve Pere Apteek OÜ;Ei;Punane;Põhiapteek;Harju maakond;Suuremas linnas (vähemalt 4000 elanikku);;;
288;Järveküla Apteek;Ida-Viru maakond Kohtla-Järve linn Järve linnaosa Järveküla tee 62b;Kohtla-Järve Järveküla Apteek OÜ ;Jah;Roheline;Põhiapteek;Ida-Viru maakond;Suuremas linnas (vähemalt 4000 elanikku);;;
1402;Järveotsa Apteek;Harju maakond Tallinn Haabersti linnaosa Õismäe tee 107;Marja Apteek OÜ;Jah;Roheline;Põhiapteek;Harju maakond;Suuremas linnas (vähemalt 4000 elanikku);;;
1329;Jüri Tänava Südameapteek;Võru maakond - Võru linn Jüri tn 15;Pharma Group OÜ;Ei;Punane;Põhiapteek;Võru maakond;Suuremas linnas (vähemalt 4000 elanikku);;;
20;Kaarli Apteek;Harju maakond Tallinn Kesklinna linnaosa Kaarli pst 11;osaühing Pharmal;Ei;Kollane;Põhiapteek;Harju maakond;Suuremas linnas (vähemalt 4000 elanikku);;;
2150;Kaarli Apteek HA1;Harju maakond Harku vald Tabasalu alevik Klooga mnt 10b;osaühing Pharmal;Ei;Kollane;Haruapteek;Harju maakond;Maal;;;
2285;Kaarli Apteek HA2;Harju maakond Harku vald Muraste küla Lee tee 1;osaühing Pharmal;Ei;Kollane;Haruapteek;Harju maakond;Maal;;;
291;Kadaka Selveri Apteek;Harju maakond Tallinn Mustamäe linnaosa Kadaka tee 56a;Terve Pere Apteek OÜ;Ei;Punane;Põhiapteek;Harju maakond;Suuremas linnas (vähemalt 4000 elanikku);;;
1472;Kagukeskuse Südameapteek;Võru maakond Võru linn Kooli tn 6;Võro Aptiik OÜ;Jah;Roheline;Põhiapteek;Võru maakond;Suuremas linnas (vähemalt 4000 elanikku);;;
303;Kajaka Apteek;Ida-Viru maakond - Sillamäe linn Kajaka tn 9;Terve Pere Apteek OÜ;Ei;Punane;Põhiapteek;Ida-Viru maakond;Suuremas linnas (vähemalt 4000 elanikku);;;
1352;Kakumäe Selveri Südameapteek;Harju maakond Tallinn Haabersti linnaosa Rannamõisa tee 6;Pharma Group OÜ;Ei;Punane;Põhiapteek;Harju maakond;Suuremas linnas (vähemalt 4000 elanikku);;;
5;Kalamaja Apteek;Harju maakond Tallinn Põhja-Tallinna linnaosa Kotzebue tn 9;AS Remedium Kalamaja Apteek;Jah;Roheline;Põhiapteek;Harju maakond;Suuremas linnas (vähemalt 4000 elanikku);;;
2112;Kalamaja Apteek HA1;Harju maakond Tallinn Põhja-Tallinna linnaosa Paldiski mnt 62;AS Remedium Kalamaja Apteek;Ei;Kollane;Haruapteek;Harju maakond;Suuremas linnas (vähemalt 4000 elanikku);;;
156;Kallaste Apteek;Tartu maakond - Kallaste linn Oja tn 17;Malle Hilpuse Kallaste Apteek;Jah;Roheline;Põhiapteek;Tartu maakond;Alla 4000 elanikuga linnas;;;
2051;Kallaste Apteek HA1;Tartu maakond Peipsiääre vald Koosa küla ;Malle Hilpuse Kallaste Apteek;Jah;Roheline;Haruapteek;Tartu maakond;Maal;;;
2182;Kallaste Apteek HA2;Tartu maakond Peipsiääre vald Pala küla ;Malle Hilpuse Kallaste Apteek;Jah;Roheline;Haruapteek;Tartu maakond;Maal;;;
198;Kallavere Apteek;Harju maakond - Maardu linn Noorte tn 7;OÜ PharmaFour;Jah;Roheline;Põhiapteek;Harju maakond;Suuremas linnas (vähemalt 4000 elanikku);;;
163;Kambja Apteek;Tartu maakond Kambja vald Kambja alevik Aia tn 2;Jana Esko Kambja Apteek;Jah;Roheline;Põhiapteek;Tartu maakond;Maal;;;
2257;Kambja Apteek HA1;Põlva maakond Kanepi vald Saverna küla Kooli tee 5;Jana Esko Kambja Apteek;Jah;Roheline;Haruapteek;Põlva maakond;Maal;;;
182;Kanepi Apteek;Põlva maakond Kanepi vald Kanepi alevik Turu tn 1;osaühing SAVERNA APTEEK;Jah;Roheline;Põhiapteek;Põlva maakond;Maal;;;
1449;Kannikese Apteek;Ida-Viru maakond - Sillamäe linn V. Tðkalovi tn 3;OÜ KONVALLARIA;Jah;Roheline;Põhiapteek;Ida-Viru maakond;Suuremas linnas (vähemalt 4000 elanikku);;;
1425;Kantremaa Apteek;Viljandi maakond - Viljandi linn Vaksali tn 11a;OÜ Kantremaa Apteek;Jah;Roheline;Põhiapteek;Viljandi maakond;Suuremas linnas (vähemalt 4000 elanikku);;;
98;Karete Apteek;Tartu maakond - Tartu linn Jalaka tn 34;Terve Pere Apteek OÜ;Ei;Punane;Põhiapteek;Tartu maakond;Suuremas linnas (vähemalt 4000 elanikku);;;
2123;Karete Apteek HA1;Tartu maakond - Tartu linn Vitamiini tn 1;Terve Pere Apteek OÜ;Ei;Punane;Haruapteek;Tartu maakond;Suuremas linnas (vähemalt 4000 elanikku);;;
109;Karksi-Nuia Apteek;Viljandi maakond Mulgi vald Karksi-Nuia linn Kalda tn 6b;OÜ Akemal;Jah;Roheline;Põhiapteek;Viljandi maakond;Alla 4000 elanikuga linnas;;;
2347;Karksi-Nuia Apteek HA2;Viljandi maakond - Mõisaküla linn Pärnu tn 43;OÜ Akemal;Jah;Roheline;Haruapteek;Viljandi maakond;Alla 4000 elanikuga linnas;;;
279;Kastani Apteek;Tartu maakond - Tartu linn Lembitu tn 2;osaühing KASTANI APTEEK;Jah;Roheline;Põhiapteek;Tartu maakond;Suuremas linnas (vähemalt 4000 elanikku);;;
1309;Kaubamaja Apteek;Harju maakond Tallinn Kesklinna linnaosa Gonsiori tn 2;OÜ Jasmin Apteegid;Ei;Punane;Põhiapteek;Harju maakond;Suuremas linnas (vähemalt 4000 elanikku);;;
2156;Kaubamaja Apteek HA1;Harju maakond Tallinn Kristiine linnaosa Endla tn 45;OÜ Jasmin Apteegid;Ei;Punane;Haruapteek;Harju maakond;Suuremas linnas (vähemalt 4000 elanikku);;;
2288;Kaubamaja Apteek HA2;Harju maakond Viimsi vald Haabneeme alevik Randvere tee 6;OÜ Jasmin Apteegid;Ei;Punane;Haruapteek;Harju maakond;Maal;;;
28;Kehra Linnaapteek;Harju maakond Anija vald Kehra linn F. R. Kreutzwaldi tn 7;Kehra Linnaapteegi Osaühing;Jah;Roheline;Põhiapteek;Harju maakond;Alla 4000 elanikuga linnas;;;
227;Keila Apteek;Harju maakond - Keila linn Jaama tn 11;BENU Apteek Eesti OÜ;Ei;Punane;Põhiapteek;Harju maakond;Suuremas linnas (vähemalt 4000 elanikku);;;
25;Keila Raeapteek;Harju maakond - Keila linn Keskväljak 5;Terve Pere Apteek OÜ;Ei;Punane;Põhiapteek;Harju maakond;Suuremas linnas (vähemalt 4000 elanikku);;;
2251;Keila Raeapteek HA2;Harju maakond - Keila linn Piiri tn 12;Terve Pere Apteek OÜ;Ei;Punane;Haruapteek;Harju maakond;Suuremas linnas (vähemalt 4000 elanikku);;;
1407;Keila Rõõmu Apteek;Harju maakond - Keila linn Haapsalu mnt 57b;OÜ Pharmandia;Jah;Roheline;Põhiapteek;Harju maakond;Suuremas linnas (vähemalt 4000 elanikku);;;
84;Keskpuiestee Apteek;Ida-Viru maakond - Kiviõli linn Keskpuiestee 35;Osaühing APOTHEKE;Jah;Roheline;Põhiapteek;Ida-Viru maakond;Suuremas linnas (vähemalt 4000 elanikku);;;
2015;Keskpuiestee Apteek HA1;Ida-Viru maakond Lüganuse vald Püssi linn Viru tn 1;Osaühing APOTHEKE;Jah;Roheline;Haruapteek;Ida-Viru maakond;Alla 4000 elanikuga linnas;;;
1433;Kiisa Apteek ;Harju maakond Saku vald Kiisa alevik Kurtna tee 21;Multi Pharma OÜ;Jah;Roheline;Põhiapteek;Harju maakond;Maal;;;
103;Kilingi-Nõmme Apteek;Pärnu maakond Saarde vald Kilingi-Nõmme linn Pärnu tn 65;Osaühing Kilingi-Nõmme Apteek;Jah;Roheline;Põhiapteek;Pärnu maakond;Alla 4000 elanikuga linnas;;;
1415;Kivila Südameapteek;Harju maakond Tallinn Lasnamäe linnaosa Kivila tn 26;Pharma Group OÜ;Ei;Punane;Põhiapteek;Harju maakond;Suuremas linnas (vähemalt 4000 elanikku);;;
155;Kivilinna Konsumi Apteek;Tartu maakond - Tartu linn Jaama tn 173;Terve Pere Apteek OÜ;Ei;Punane;Põhiapteek;Tartu maakond;Suuremas linnas (vähemalt 4000 elanikku);;;
80;Kiviõli Linnaapteek;Ida-Viru maakond - Kiviõli linn Soo tn 3;Kiviõli Linnaapteegi Osaühing;Jah;Roheline;Põhiapteek;Ida-Viru maakond;Suuremas linnas (vähemalt 4000 elanikku);;;
320;Koduapteek;Harju maakond Tallinn Kesklinna linnaosa Aia tn 7;BENU Apteek Eesti OÜ;Ei;Punane;Põhiapteek;Harju maakond;Suuremas linnas (vähemalt 4000 elanikku);;;
2127;Koduapteek HA1;Harju maakond Tallinn Haabersti linnaosa Õismäe tee 105a;BENU Apteek Eesti OÜ;Ei;Punane;Haruapteek;Harju maakond;Suuremas linnas (vähemalt 4000 elanikku);;;
2249;Koduapteek HA2;Harju maakond Kiili vald Kiili alev Nabala tee 4;BENU Apteek Eesti OÜ;Ei;Punane;Haruapteek;Harju maakond;Maal;;;
128;Koeru apteek;Järva maakond Järva vald Koeru alevik Paide tee 16a;Eva Närska Apteek Koerus;Jah;Roheline;Põhiapteek;Järva maakond;Maal;;;
46;Kohila Apteek;Rapla maakond Kohila vald Kohila alev Tööstuse tn 5;Kohila Apteegi osaühing;Jah;Roheline;Põhiapteek;Rapla maakond;Maal;;;
2266;Kohila Apteek HA1;Rapla maakond Järvakandi vald Järvakandi alev Vana-Asula tn 2;Kohila Apteegi osaühing;Jah;Roheline;Haruapteek;Rapla maakond;Maal;;;
123;Kohila Südameapteek;Rapla maakond Kohila vald Kohila alev Vabaduse tn 9b;Pharma Group OÜ;Ei;Punane;Põhiapteek;Rapla maakond;Maal;;;
193;Kohtla-Järve Apteek;Ida-Viru maakond Kohtla-Järve linn Järve linnaosa Järveküla tee 68;BENU Apteek Eesti OÜ;Ei;Punane;Põhiapteek;Ida-Viru maakond;Suuremas linnas (vähemalt 4000 elanikku);;;
2027;Kohtla-Järve Apteek HA1;Ida-Viru maakond Kohtla-Järve linn Järve linnaosa Keskallee 6;BENU Apteek Eesti OÜ;Ei;Punane;Haruapteek;Ida-Viru maakond;Suuremas linnas (vähemalt 4000 elanikku);;;
1459;Kolde Selveri Apteek;Harju maakond, Tallinn, Põhja-Tallinna linnaosa, Sõle tn 31;Apt.Est OÜ;Jah;Roheline;Põhiapteek;Harju maakond;Suuremas linnas (vähemalt 4000 elanikku);;;
66;Kondivalu Apteek;Lääne-Viru maakond - Rakvere linn E. Vilde tn 14a;Terve Pere Apteek OÜ;Ei;Punane;Põhiapteek;Lääne-Viru maakond;Suuremas linnas (vähemalt 4000 elanikku);;;
2020;Kondivalu Apteek HA1;Jõgeva maakond, Mustvee vald, Avinurme alevik, Võidu tn 6;Terve Pere Apteek OÜ;Ei;Punane;Haruapteek;Jõgeva maakond;Maal;;;
1381;Kooli Apteek;Võru maakond - Võru linn Kooli tn 2;Osaühing EUROAPTEEK;Ei;Punane;Põhiapteek;Võru maakond;Suuremas linnas (vähemalt 4000 elanikku);;;
44;Koonga Apteek;Pärnu maakond Lääneranna  vald Koonga küla ;Liivi Kappak;Jah;Roheline;Põhiapteek;Pärnu maakond;Maal;;;
1479;Kopli Maxima Apteek;Harju maakond Tallinn Põhja-Tallinna linnaosa Kopli tn 69b;Sügise Apteek OÜ;Jah;Roheline;Põhiapteek;Harju maakond;Suuremas linnas (vähemalt 4000 elanikku);;;
1362;Kotka Keskuse Apteek;Harju maakond Tallinn Lasnamäe linnaosa P. Pinna tn 21;Osaühing EUROAPTEEK;Ei;Punane;Põhiapteek;Harju maakond;Suuremas linnas (vähemalt 4000 elanikku);;;
317;Kotka Tervisemaja Apteek;Harju maakond Tallinn Kristiine linnaosa Kotka tn 12;BENU Apteek Eesti OÜ;Ei;Punane;Põhiapteek;Harju maakond;Suuremas linnas (vähemalt 4000 elanikku);;;
87;Kreenholmi Apteek;Ida-Viru maakond - Narva linn Kreenholmi tn 39f;OÜ KREENHOLMI APTEEK;Jah;Roheline;Põhiapteek;Ida-Viru maakond;Suuremas linnas (vähemalt 4000 elanikku);;;
2018;Kreenholmi Apteek HA1;Ida-Viru maakond - Narva linn Vestervalli tn 15;OÜ KREENHOLMI APTEEK;Ei;Kollane;Haruapteek;Ida-Viru maakond;Suuremas linnas (vähemalt 4000 elanikku);;;
228;Kristiine Kaubanduskeskuse Apteek;Harju maakond Tallinn Kristiine linnaosa Endla tn 45;Terve Pere Apteek OÜ;Ei;Punane;Põhiapteek;Harju maakond;Suuremas linnas (vähemalt 4000 elanikku);;;
2031;Kristiine Kaubanduskeskuse Apteek HA1;Harju maakond Tallinn Põhja-Tallinna linnaosa Sõle tn 51;Terve Pere Apteek OÜ;Ei;Punane;Haruapteek;Harju maakond;Suuremas linnas (vähemalt 4000 elanikku);;;
1413;Kroonikeskuse Südameapteek;Lääne-Viru maakond - Rakvere linn F. G. Adoffi tn 11;Pharma Group OÜ;Ei;Punane;Põhiapteek;Lääne-Viru maakond;Suuremas linnas (vähemalt 4000 elanikku);;;
1448;Kummeli Apteek;Tartu maakond Tartu linn Tartu linn Vahi tn 62;Nordic Pharmacy OÜ;Jah;Roheline;Põhiapteek;Tartu maakond;Suuremas linnas (vähemalt 4000 elanikku);;;
59;Kunda Apteek;Lääne-Viru maakond Viru-Nigula vald Kunda linn Pargi tn 26;Osaühing Salmeri;Jah;Roheline;Põhiapteek;Lääne-Viru maakond;Alla 4000 elanikuga linnas;;;
2309;Kunda Apteek HA2;Lääne-Viru maakond - Kunda linn Kasemäe tn 12;Osaühing Salmeri;Jah;Roheline;Haruapteek;Lääne-Viru maakond;Alla 4000 elanikuga linnas;;;
50;Kuressaare Apteek;Saare maakond - Kuressaare linn Turu tn 2;osaühing Kuressaare Apteek;Jah;Roheline;Põhiapteek;Saare maakond;Suuremas linnas (vähemalt 4000 elanikku);;;
2339;Kuressaare Apteek HA1;Saare maakond, Saaremaa vald, Orissaare alevik, Kuivastu mnt 28;osaühing Kuressaare Apteek;Jah;Roheline;Haruapteek;Saare maakond;Maal;;;
6;Kuressaare Haigla Südameapteek;Saare maakond - Kuressaare linn Aia tn 25a;Pharma Group OÜ;Ei;Punane;Põhiapteek;Saare maakond;Suuremas linnas (vähemalt 4000 elanikku);;;
1478;Kuressaare Kesklinna Apteek;Saare maakond - Saaremaa vald Kuressaare linn Raekoja tn 10;OÜ PharmaThree;Jah;Roheline;Põhiapteek;Saare maakond;Suuremas linnas (vähemalt 4000 elanikku);;;
14;Kuressaare Mini-Rimi Apteek;Saare maakond - Kuressaare linn Kihelkonna mnt 3;BENU Apteek Eesti OÜ;Ei;Punane;Põhiapteek;Saare maakond;Suuremas linnas (vähemalt 4000 elanikku);;;
1467;Kuressaare Pereapteek;Saare maakond, Saaremaa vald, Kuressaare linn, Tallinna tn 23;OÜ VR Apteegid ;Jah;Roheline;Põhiapteek;Saare maakond;Suuremas linnas (vähemalt 4000 elanikku);;;
1344;Kuressaare Raekoja Apteek;Saare maakond - Kuressaare linn Raekoja tn 1;OÜ Jasmin Apteegid;Ei;Punane;Põhiapteek;Saare maakond;Suuremas linnas (vähemalt 4000 elanikku);;;
235;Kvartali Apteek;Tartu maakond - Tartu linn Riia tn 2;Terve Pere Apteek OÜ;Ei;Punane;Põhiapteek;Tartu maakond;Suuremas linnas (vähemalt 4000 elanikku);;;
239;Kärberi Keskuse Südameapteek;Harju maakond Tallinn Lasnamäe linnaosa K. Kärberi tn 20;Pharma Group OÜ;Ei;Punane;Põhiapteek;Harju maakond;Suuremas linnas (vähemalt 4000 elanikku);;;
36;Kärdla Apteek;Hiiu maakond Hiiu vald Kärdla linn Uus tn 3;OÜ Kärdla Apteek;Ei;Kollane;Põhiapteek;Hiiu maakond;Alla 4000 elanikuga linnas;;;
52;Kärdla Keskväljaku Apteek;Hiiu maakond Hiiumaa vald Kärdla linn Põllu tn 1;Osaühing Valve Raide Apteek;Ei;Kollane;Põhiapteek;Hiiu maakond;Alla 4000 elanikuga linnas;;;
2244;Kärdla Keskväljaku Apteek HA1;Hiiu maakond Hiiumaa vald Käina alevik Hiiu mnt 1b;Osaühing Valve Raide Apteek;Ei;Kollane;Haruapteek;Hiiu maakond;Maal;;;
2245;Kärdla Keskväljaku Apteek HA2;Hiiu maakond Hiiumaa vald Emmaste küla ;Osaühing Valve Raide Apteek;Ei;Kollane;Haruapteek;Hiiu maakond;Maal;;;
22;Laagri Apteek;Harju maakond Saue vald Laagri alevik Tervise tn 2;OÜ Laagri Apteek;Jah;Roheline;Põhiapteek;Harju maakond;Maal;;;
1390;Laagri Selveri Apteek;Harju maakond Tallinn Nõmme linnaosa Pärnu mnt 554;Terve Pere Apteek OÜ;Ei;Punane;Põhiapteek;Harju maakond;Suuremas linnas (vähemalt 4000 elanikku);;;
176;Laatre Apteek;Valga maakond Valga vald Laatre alevik Kesk tn 6;Lembe Raua Laatre Apteek;Jah;Roheline;Põhiapteek;Valga maakond;Maal;;;
2138;Laatre Apteek HA1;Valga maakond Valga vald Tsirguliina alevik Nooruse tn 1;Lembe Raua Laatre Apteek;Jah;Roheline;Haruapteek;Valga maakond;Maal;;;
113;Laekvere Apteek;Lääne-Viru maakond Vinni vald Laekvere alevik Salutaguse tee 6;Aune-Liis Eljase Laekvere apteek;Jah;Roheline;Põhiapteek;Lääne-Viru maakond;Maal;;;
83;Lahkuse Apteek;Ida-Viru maakond - Narva linn Kangelaste prospekt 5-62;BENU Apteek Eesti OÜ;Ei;Punane;Põhiapteek;Ida-Viru maakond;Suuremas linnas (vähemalt 4000 elanikku);;;
2264;Lahkuse Apteek HA1;Ida-Viru maakond - Narva linn Rakvere tn 71;BENU Apteek Eesti OÜ;Ei;Punane;Haruapteek;Ida-Viru maakond;Suuremas linnas (vähemalt 4000 elanikku);;;
1388;Laikmaa Apteek;Harju maakond Tallinn Kesklinna linnaosa Narva mnt 2;Osaühing EUROAPTEEK;Ei;Punane;Põhiapteek;Harju maakond;Suuremas linnas (vähemalt 4000 elanikku);;;
294;Laine Apteek;Viljandi maakond Suure-Jaani vald Suure-Jaani linn Tallinna tn 10;Osaühing Laine Apteek;Jah;Roheline;Põhiapteek;Viljandi maakond;Alla 4000 elanikuga linnas;;;
1445;Lakiotsa Apteek;Harju maakond Tallinn Mustamäe linnaosa A. H. Tammsaare tee 133;OÜ PharmaFour;Jah;Roheline;Põhiapteek;Harju maakond;Suuremas linnas (vähemalt 4000 elanikku);;;
254;Lasnamäe Centrumi Südameapteek;Harju maakond Tallinn Lasnamäe linnaosa Mustakivi tee 13;Pharma Group OÜ;Ei;Punane;Põhiapteek;Harju maakond;Suuremas linnas (vähemalt 4000 elanikku);;;
1372;Lasnamäe Prisma Apteek;Harju maakond Tallinn Lasnamäe linnaosa Mustakivi tee 17;Terve Pere Apteek OÜ;Ei;Punane;Põhiapteek;Harju maakond;Suuremas linnas (vähemalt 4000 elanikku);;;
299;Lasnamäe Tervisekeskuse Apteek;Harju maakond Tallinn Lasnamäe linnaosa Punane tn 61;Terve Pere Apteek OÜ;Ei;Punane;Põhiapteek;Harju maakond;Suuremas linnas (vähemalt 4000 elanikku);;;
48;Lasnamäe Tervisemaja Apteek;Harju maakond Tallinn Lasnamäe linnaosa Linnamäe tee 3;BENU Apteek Eesti OÜ;Ei;Punane;Põhiapteek;Harju maakond;Suuremas linnas (vähemalt 4000 elanikku);;;
2074;Lasnamäe Tervisemaja Apteek HA1;Harju maakond Viimsi vald Haabneeme alevik Kaluri tee 5;BENU Apteek Eesti OÜ;Ei;Punane;Haruapteek;Harju maakond;Maal;;;
2194;Lasnamäe Tervisemaja Apteek HA2;Harju maakond Viimsi vald Haabneeme alevik Randvere tee 9;BENU Apteek Eesti OÜ;Ei;Punane;Haruapteek;Harju maakond;Maal;;;
1408;Lastepolikliiniku Südameapteek;Harju maakond Tallinn Kesklinna linnaosa Ravi tn 27;Pharma Group OÜ;Ei;Punane;Põhiapteek;Harju maakond;Suuremas linnas (vähemalt 4000 elanikku);;;
1399;Laulasmaa Apteek;Harju maakond Lääne-Harju vald Laulasmaa küla Kloogaranna tee 26;Laulasmaa Apteek OÜ;Ei;Kollane;Põhiapteek;Harju maakond;Maal;;;
1466;Leisi Apteek;Saare maakond, Saaremaa vald, Leisi alevik, Mustjala mnt 3;Rannarohu OÜ;Jah;Roheline;Põhiapteek;Saare maakond;Maal;;;
2342;Leisi Apteek HA1;Saare maakond, Saaremaa vald, Valjala alevik, Posti tn 15;Rannarohu OÜ;Jah;Roheline;Haruapteek;Saare maakond;Maal;;;
1389;Lelle Apteek;Rapla maakond Kehtna vald Lelle alevik Pärnu mnt 12-14;OÜ Karmeni Apteek;Jah;Roheline;Põhiapteek;Rapla maakond;Maal;;;
2271;Lelle Apteek HA1;Järva maakond Türi vald Käru alevik Viljandi mnt 8-2;OÜ Karmeni Apteek;Jah;Roheline;Haruapteek;Järva maakond;Maal;;;
2348;Lelle Apteek HA3;Rapla maakond - Kehtna vald Kehtna alevik Viljandi mnt 2;OÜ Karmeni Apteek;Jah;Roheline;Haruapteek;Rapla maakond;Maal;;;
1409;Lennujaama Südameapteek;Harju maakond Tallinn Lasnamäe linnaosa Tartu mnt 101;Pharma Group OÜ;Ei;Punane;Põhiapteek;Harju maakond;Suuremas linnas (vähemalt 4000 elanikku);;;
130;Lepa Apteek;Pärnu maakond - Pärnu linn Karja tn 4;Osaühing Mai Apteek;Ei;Kollane;Põhiapteek;Pärnu maakond;Suuremas linnas (vähemalt 4000 elanikku);;;
2103;Lepa Apteek HA1;Pärnu maakond Häädemeeste vald Uulu küla ;Osaühing Mai Apteek;Ei;Kollane;Haruapteek;Pärnu maakond;Maal;;;
2204;Lepa Apteek HA2;Pärnu maakond Saarde vald Surju küla ;Osaühing Mai Apteek;Ei;Kollane;Haruapteek;Pärnu maakond;Maal;;;
41;Lihula Apteek;Pärnu maakond, Lääneranna vald, Lihula linn, Tallinna mnt 17;OÜ Jasmin Apteegid;Ei;Punane;Põhiapteek;Pärnu maakond;Alla 4000 elanikuga linnas;;;
1315;Liivaku Apteek;Harju maakond Tallinn Mustamäe linnaosa J. Sütiste tee 28;Osaühing EUROAPTEEK;Ei;Punane;Põhiapteek;Harju maakond;Suuremas linnas (vähemalt 4000 elanikku);;;
2161;Liivaku Apteek HA1;Harju maakond Tallinn Haabersti linnaosa Õismäe tee 46;Osaühing EUROAPTEEK;Ei;Punane;Haruapteek;Harju maakond;Suuremas linnas (vähemalt 4000 elanikku);;;
2220;Liivaku Apteek HA2;Harju maakond Tallinn Haabersti linnaosa Õismäe tee 88;Osaühing EUROAPTEEK;Ei;Punane;Haruapteek;Harju maakond;Suuremas linnas (vähemalt 4000 elanikku);;;
224;Lilleküla Apteek;Harju maakond Tallinn Kristiine linnaosa Endla tn 45a;BENU Apteek Eesti OÜ;Ei;Punane;Põhiapteek;Harju maakond;Suuremas linnas (vähemalt 4000 elanikku);;;
1440;Lilleoru Apteek;Lääne-Viru maakond - Rakvere linn Tartu tn 55;Lilleoru Apteek OÜ;Jah;Roheline;Põhiapteek;Lääne-Viru maakond;Suuremas linnas (vähemalt 4000 elanikku);;;
1349;Linnumäe Apteek;Hiiu maakond Hiiumaa vald Linnumäe küla ;BENU Apteek Eesti OÜ;Ei;Punane;Põhiapteek;Hiiu maakond;Maal;;;
221;Loo Apteek;Harju maakond Jõelähtme vald Loo alevik Saha tee 11;Osaühing Loo Apteek;Jah;Roheline;Põhiapteek;Harju maakond;Maal;;;
1404;Lõuna-Eesti Haigla Südameapteek;Võru maakond Võru vald Meegomäe küla ;Pharma Group OÜ;Ei;Punane;Põhiapteek;Võru maakond;Maal;;;
99;Lõunakeskuse Apteek;Tartu maakond - Tartu linn Ringtee tn 75;Terve Pere Apteek OÜ;Ei;Punane;Põhiapteek;Tartu maakond;Suuremas linnas (vähemalt 4000 elanikku);;;
1392;Läänemere Selveri Apteek;Harju maakond Tallinn Lasnamäe linnaosa Läänemere tee 28;Terve Pere Apteek OÜ;Ei;Punane;Põhiapteek;Harju maakond;Suuremas linnas (vähemalt 4000 elanikku);;;
1414;Maardu Maxima Südameapteek;Harju maakond - Maardu linn Keemikute tn 2;Pharma Group OÜ;Ei;Punane;Põhiapteek;Harju maakond;Suuremas linnas (vähemalt 4000 elanikku);;;
265;Maardu Pärli Apteek;Harju maakond - Maardu linn Nurga tn 3;Terve Pere Apteek OÜ;Ei;Punane;Põhiapteek;Harju maakond;Suuremas linnas (vähemalt 4000 elanikku);;;
1364;Maardu Südameapteek;Harju maakond - Maardu linn Keemikute tn 37;Pharma Group OÜ;Ei;Punane;Põhiapteek;Harju maakond;Suuremas linnas (vähemalt 4000 elanikku);;;
1319;Maaülikooli Apteek;Tartu maakond - Tartu linn F. R. Kreutzwaldi tn 62;Eesti Maaülikool;Jah;Roheline;Põhiapteek;Tartu maakond;Suuremas linnas (vähemalt 4000 elanikku);;;
4;Magdaleena Südameapteek;Harju maakond Tallinn Kesklinna linnaosa Pärnu mnt 104;Pharma Group OÜ;Ei;Punane;Põhiapteek;Harju maakond;Suuremas linnas (vähemalt 4000 elanikku);;;
1420;Magistrali Keskuse Apteek;Harju maakond Tallinn Mustamäe linnaosa Sõpruse pst 201;OÜ PharmaTwo;Jah;Roheline;Põhiapteek;Harju maakond;Suuremas linnas (vähemalt 4000 elanikku);;;
146;Magistrali Südameapteek;Harju maakond Tallinn Mustamäe linnaosa Sõpruse pst 201;Pharma Group OÜ;Ei;Punane;Põhiapteek;Harju maakond;Suuremas linnas (vähemalt 4000 elanikku);;;
1428;Mahlamäe Apteek;Rapla maakond Rapla vald Rapla linn Tallinna mnt 50;OÜ Kvatropharma;Jah;Roheline;Põhiapteek;Rapla maakond;Suuremas linnas (vähemalt 4000 elanikku);;;
2333;Mahlamäe Apteek HA1;Harju maakond, Kiili vald, Kiili alev, Vaela tee 4;OÜ Kvatropharma;Jah;Roheline;Haruapteek;Harju maakond;Maal;;;
319;Mai Apteek;Pärnu maakond - Pärnu linn Metsa tn 28;Osaühing Mai Apteek;Ei;Kollane;Põhiapteek;Pärnu maakond;Suuremas linnas (vähemalt 4000 elanikku);;;
308;Mai Selveri Apteek;Pärnu maakond - Pärnu linn Papiniidu tn 42;Terve Pere Apteek OÜ;Ei;Punane;Põhiapteek;Pärnu maakond;Suuremas linnas (vähemalt 4000 elanikku);;;
1363;Marienthali Keskuse Südameapteek;Harju maakond Tallinn Kristiine linnaosa Mustamäe tee 16;Pharma Group OÜ;Ei;Punane;Põhiapteek;Harju maakond;Suuremas linnas (vähemalt 4000 elanikku);;;
1356;Marja Apteek;Harju maakond Tallinn Kristiine linnaosa Mustamäe tee 45;Marja Apteek OÜ;Jah;Roheline;Põhiapteek;Harju maakond;Suuremas linnas (vähemalt 4000 elanikku);;;
186;Mehikoorma Apteek;Põlva maakond, Räpina vald, Mehikoorma alevik, Kooli tn 4;Ilve Paatsi Mehikoorma Apteek;Jah;Roheline;Põhiapteek;Põlva maakond;Maal;;;
1470;Meloni Apteek;Harju maakond Tallinn Kesklinna linnaosa Estonia pst 1;Pharmatipp OÜ;Jah;Roheline;Põhiapteek;Harju maakond;Suuremas linnas (vähemalt 4000 elanikku);;;
2341;Meloni Apteek HA1;Rapla maakond Märjamaa vald Märjamaa alev Pärnu mnt 62;Pharmatipp OÜ;Jah;Roheline;Haruapteek;Rapla maakond;Maal;;;
1385;Merimetsa Selveri Apteek;Harju maakond Tallinn Põhja-Tallinna linnaosa Paldiski mnt 56;Terve Pere Apteek OÜ;Ei;Punane;Põhiapteek;Harju maakond;Suuremas linnas (vähemalt 4000 elanikku);;;
1328;Merimetsa Tervisekeskuse Apteek;Harju maakond Tallinn Põhja-Tallinna linnaosa Paldiski mnt 68a;Terve Pere Apteek OÜ;Ei;Punane;Põhiapteek;Harju maakond;Suuremas linnas (vähemalt 4000 elanikku);;;
2295;Merimetsa Tervisekeskuse Apteek HA1;Harju maakond Saku vald Saku alevik Üksnurme tee 2;Terve Pere Apteek OÜ;Ei;Punane;Haruapteek;Harju maakond;Maal;;;
258;Miiduranna Südameapteek;Harju maakond Tallinn Pirita linnaosa Ranna tee 46a;Pharma Group OÜ;Ei;Punane;Põhiapteek;Harju maakond;Suuremas linnas (vähemalt 4000 elanikku);;;
54;Muhu-Liiva Apteek;Saare maakond Muhu vald Liiva küla ;Osaühing Muhu-Liiva Apteek;Ei;Kollane;Põhiapteek;Saare maakond;Maal;;;
1312;Mulgi Apteek;Viljandi maakond - Viljandi linn C. R. Jakobsoni tn 2;BENU Apteek Eesti OÜ;Ei;Punane;Põhiapteek;Viljandi maakond;Suuremas linnas (vähemalt 4000 elanikku);;;
2327;Mulgi Apteek HA1;Valga maakond Tõrva vald Tõrva linn Valga tn 3;BENU Apteek Eesti OÜ;Ei;Punane;Haruapteek;Valga maakond;Alla 4000 elanikuga linnas;;;
260;Mustakivi apteek;Harju maakond Tallinn Lasnamäe linnaosa Mahtra tn 1;Terve Pere Apteek OÜ;Ei;Punane;Põhiapteek;Harju maakond;Suuremas linnas (vähemalt 4000 elanikku);;;
2314;Mustakivi apteek HA2;Harju maakond Viimsi vald Laiaküla Lilleoru tee 4;Terve Pere Apteek OÜ;Ei;Punane;Haruapteek;Harju maakond;Maal;;;
21;Mustakivi Selveri Apteek;Harju maakond Tallinn Lasnamäe linnaosa Mustakivi tee 3a;Terve Pere Apteek OÜ;Ei;Punane;Põhiapteek;Harju maakond;Suuremas linnas (vähemalt 4000 elanikku);;;
242;Mustamäe Keskuse Apteek;Harju maakond Tallinn Mustamäe linnaosa A. H. Tammsaare tee 104a;Terve Pere Apteek OÜ;Ei;Punane;Põhiapteek;Harju maakond;Suuremas linnas (vähemalt 4000 elanikku);;;
1383;Mustamäe tee Apteek;Harju maakond Tallinn Kristiine linnaosa Mustamäe tee 12;Osaühing EUROAPTEEK;Ei;Punane;Põhiapteek;Harju maakond;Suuremas linnas (vähemalt 4000 elanikku);;;
1441;Mustamäe Tervisekeskuse Apteek;Harju maakond Tallinn Mustamäe linnaosa Ehitajate tee 27;Anne Apteegid OÜ;Jah;Roheline;Põhiapteek;Harju maakond;Suuremas linnas (vähemalt 4000 elanikku);;;
1371;Mustika Keskuse Apteek;Harju maakond Tallinn Mustamäe linnaosa Karjavälja tn 4;BENU Apteek Eesti OÜ;Ei;Punane;Põhiapteek;Harju maakond;Suuremas linnas (vähemalt 4000 elanikku);;;
272;Mustika Prisma Apteek;Harju maakond Tallinn Mustamäe linnaosa Karjavälja tn 4;Terve Pere Apteek OÜ;Ei;Punane;Põhiapteek;Harju maakond;Suuremas linnas (vähemalt 4000 elanikku);;;
1355;Mustvee Apteek;Jõgeva maakond, Mustvee vald, Mustvee linn Tartu tn 3;OÜ MUSTVEE APTEEK;Jah;Roheline;Põhiapteek;Jõgeva maakond;Alla 4000 elanikuga linnas;;;
2335;Mustvee Apteek HA1;Jõgeva maakond, Mustvee vald, Mustvee linn, Tähe tn 9;OÜ MUSTVEE APTEEK;Jah;Roheline;Haruapteek;Jõgeva maakond;Alla 4000 elanikuga linnas;;;
2345;Mustvee Apteek HA2;Tartu maakond Tartu vald Lähte alevik Poe tn 4/1;OÜ MUSTVEE APTEEK;Jah;Roheline;Haruapteek;Tartu maakond;Maal;;;
1367;Mõisa Apteek;Harju maakond Rae vald Jüri alevik Aruküla tee 8;Osaühing Sepore;Ei;Punane;Põhiapteek;Harju maakond;Maal;;;
268;Mähe Südameapteek;Harju maakond Tallinn Pirita linnaosa Pärnamäe tee 114;Pharma Group OÜ;Ei;Punane;Põhiapteek;Harju maakond;Suuremas linnas (vähemalt 4000 elanikku);;;
1475;Männiku Rimi Apteek;Harju Maakond Tallinn Nõmme linnaosa Männiku tee 100;MAPharm OÜ;Jah;Roheline;Põhiapteek;Harju maakond;Suuremas linnas (vähemalt 4000 elanikku);;;
157;Männilinna Apteek;Tartu maakond - Elva linn Kesk tn 8;Terve Pere Apteek OÜ;Ei;Punane;Põhiapteek;Tartu maakond;Suuremas linnas (vähemalt 4000 elanikku);;;
314;Männimäe Selveri Apteek;Viljandi maakond - Viljandi linn Riia mnt 35;Terve Pere Apteek OÜ;Ei;Punane;Põhiapteek;Viljandi maakond;Suuremas linnas (vähemalt 4000 elanikku);;;
39;Märjamaa Apteek;Rapla maakond Märjamaa vald Märjamaa alev Pärnu mnt 66;OÜ MÄRJAMAA APTEEK;Jah;Roheline;Põhiapteek;Rapla maakond;Maal;;;
86;Narva Kesklinna Apteek;Ida-Viru maakond - Narva linn A. Puðkini tn 13;BENU Apteek Eesti OÜ;Ei;Punane;Põhiapteek;Ida-Viru maakond;Suuremas linnas (vähemalt 4000 elanikku);;;
2017;Narva Kesklinna Apteek HA1;Ida-Viru maakond - Narva linn Vestervalli tn 15;BENU Apteek Eesti OÜ;Ei;Punane;Haruapteek;Ida-Viru maakond;Suuremas linnas (vähemalt 4000 elanikku);;;
2283;Narva Kesklinna Apteek HA4;Ida-Viru maakond - Narva linn P. Kerese tn 3;BENU Apteek Eesti OÜ;Ei;Punane;Haruapteek;Ida-Viru maakond;Suuremas linnas (vähemalt 4000 elanikku);;;
1453;Narva Maksimarketi Apteek;Ida-Viru maakond - Narva linn Tallinna mnt 30b;VITALUMEN PHARM OÜ;Jah;Roheline;Põhiapteek;Ida-Viru maakond;Suuremas linnas (vähemalt 4000 elanikku);;;
2344;Narva Maksimarketi Apteek HA1;Ida-Viru maakond Narva-Jõesuu linn J. Poska tn 26;VITALUMEN PHARM OÜ;Jah;Roheline;Haruapteek;Ida-Viru maakond;Alla 4000 elanikuga linnas;;;
1343;Narva Puðkini Apteek;Ida-Viru maakond - Narva linn A. Puðkini tn 19;OÜ Jasmin Apteegid;Ei;Punane;Põhiapteek;Ida-Viru maakond;Suuremas linnas (vähemalt 4000 elanikku);;;
2168;Narva Puðkini Apteek HA1;Ida-Viru maakond Jõhvi vald Jõhvi linn Raudtee tn 1;OÜ Jasmin Apteegid;Ei;Punane;Haruapteek;Ida-Viru maakond;Suuremas linnas (vähemalt 4000 elanikku);;;
311;Narva Südameapteek;Ida-Viru maakond - Narva linn Kangelaste prospekt 24-1;MIRTEST PLUSS OÜ;Jah;Roheline;Põhiapteek;Ida-Viru maakond;Suuremas linnas (vähemalt 4000 elanikku);;;
1360;Narva-Jõesuu Apteek;Ida-Viru maakond - Narva-Jõesuu linn Koidu tn 25;OÜ Narva-Jõesuu Apteek;Ei;Kollane;Põhiapteek;Ida-Viru maakond;Alla 4000 elanikuga linnas;;;
1394;Nautica Keskuse Südameapteek;Harju maakond Tallinn Kesklinna linnaosa Lootsi tn 7;Pharma Group OÜ;Ei;Punane;Põhiapteek;Harju maakond;Suuremas linnas (vähemalt 4000 elanikku);;;
12;Netiapteek;Harju maakond Tallinn Nõmme linnaosa Pärnu mnt 238;OÜ Mustamäe Apteek;Ei;Punane;Põhiapteek;Harju maakond;Suuremas linnas (vähemalt 4000 elanikku);;;
2033;Netiapteek HA1;Harju maakond Tallinn Kesklinna linnaosa Sadama tn 6;OÜ Mustamäe Apteek;Ei;Punane;Haruapteek;Harju maakond;Suuremas linnas (vähemalt 4000 elanikku);;;
2177;Netiapteek HA2;Harju maakond - Saue linn Ridva tn 15;OÜ Mustamäe Apteek;Ei;Punane;Haruapteek;Harju maakond;Suuremas linnas (vähemalt 4000 elanikku);;;
2290;Netiapteek HA3;Harju maakond Saue vald Laagri alevik Vae tn 16;OÜ Mustamäe Apteek;Ei;Punane;Haruapteek;Harju maakond;Maal;;;
276;Nurme Apteek;Lääne maakond - Haapsalu linn Nurme tn 1;osaühing NURME APTEEK;Ei;Kollane;Põhiapteek;Lääne maakond;Suuremas linnas (vähemalt 4000 elanikku);;;
2068;Nurme Apteek HA1;Lääne maakond - Haapsalu linn Tallinna mnt 1;osaühing NURME APTEEK;Ei;Kollane;Haruapteek;Lääne maakond;Suuremas linnas (vähemalt 4000 elanikku);;;
2227;Nurme Apteek HA3;Lääne maakond Haapsalu linn Uuemõisa alevik Tallinna mnt 84;osaühing NURME APTEEK;Ei;Kollane;Haruapteek;Lääne maakond;Maal;;;
13;Nõmme Linnaapteek;Harju maakond Tallinn Nõmme linnaosa Pärnu mnt 326;BENU Apteek Eesti OÜ;Ei;Punane;Põhiapteek;Harju maakond;Suuremas linnas (vähemalt 4000 elanikku);;;
2291;Nõmme Linnaapteek HA1;Harju maakond Saue vald Laagri alevik Pärnu mnt 556a;BENU Apteek Eesti OÜ;Ei;Punane;Haruapteek;Harju maakond;Maal;;;
1379;Nõmme Südameapteek;Harju maakond Tallinn Nõmme linnaosa Jaama tn 2;Pharma Group OÜ;Ei;Punane;Põhiapteek;Harju maakond;Suuremas linnas (vähemalt 4000 elanikku);;;
1316;Nõmme Tee Apteek;Harju maakond Tallinn Kristiine linnaosa Nõmme tee 23a;Osaühing EUROAPTEEK;Ei;Punane;Põhiapteek;Harju maakond;Suuremas linnas (vähemalt 4000 elanikku);;;
2160;Nõmme Tee Apteek HA1;Harju maakond Tallinn Mustamäe linnaosa E. Vilde tee 75;Osaühing EUROAPTEEK;Ei;Punane;Haruapteek;Harju maakond;Suuremas linnas (vähemalt 4000 elanikku);;;
215;Nõmme Tervisekeskuse Südameapteek;Harju maakond Tallinn Nõmme linnaosa Jaama tn 11;Pharma Group OÜ;Ei;Punane;Põhiapteek;Harju maakond;Suuremas linnas (vähemalt 4000 elanikku);;;
162;Nõo Apteek;Tartu maakond Nõo vald Nõo alevik Tartu tn 12;osaühing NÕO APTEEK;Jah;Roheline;Põhiapteek;Tartu maakond;Maal;;;
286;Oja Apteek;Pärnu maakond - Pärnu linn Oja tn 114;osaühing Fabius EE;Jah;Roheline;Põhiapteek;Pärnu maakond;Suuremas linnas (vähemalt 4000 elanikku);;;
167;Otepää Südameapteek;Valga maakond Otepää vald Otepää linn Lipuväljak 11;Pharma Group OÜ;Ei;Punane;Põhiapteek;Valga maakond;Alla 4000 elanikuga linnas;;;
1378;Paasiku Apteek;Harju maakond Tallinn Lasnamäe linnaosa Paasiku tn 2a;Osaühing EUROAPTEEK;Ei;Punane;Põhiapteek;Harju maakond;Suuremas linnas (vähemalt 4000 elanikku);;;
2287;Paasiku Apteek HA1;Harju maakond - Maardu linn Altmetsa tee 1;Osaühing EUROAPTEEK;Ei;Punane;Haruapteek;Harju maakond;Suuremas linnas (vähemalt 4000 elanikku);;;
1347;Pae Apteek;Harju maakond Tallinn Lasnamäe linnaosa Pae tn 76;Osaühing EUROAPTEEK;Ei;Punane;Põhiapteek;Harju maakond;Suuremas linnas (vähemalt 4000 elanikku);;;
2269;Pae Apteek HA1;Harju maakond Anija vald Kehra linn Kose mnt 7;Osaühing EUROAPTEEK;Ei;Punane;Haruapteek;Harju maakond;Alla 4000 elanikuga linnas;;;
1426;Paekivi Apteek;Harju maakond Tallinn Lasnamäe linnaosa Pae tn 74;Marja Apteek OÜ;Jah;Roheline;Põhiapteek;Harju maakond;Suuremas linnas (vähemalt 4000 elanikku);;;
283;Paepargi Apteek;Harju maakond Tallinn Lasnamäe linnaosa Paepargi tn 57;Osaühing EUROAPTEEK;Ei;Punane;Põhiapteek;Harju maakond;Suuremas linnas (vähemalt 4000 elanikku);;;
1416;Paide Maksimarketi Südameapteek;Järva maakond - Paide linn Ringtee 2;Pharma Group OÜ;Ei;Punane;Põhiapteek;Järva maakond;Suuremas linnas (vähemalt 4000 elanikku);;;
1382;Paide Maxima Apteek;Järva maakond - Paide linn Pärnu tn 63;BENU Apteek Eesti OÜ;Ei;Punane;Põhiapteek;Järva maakond;Suuremas linnas (vähemalt 4000 elanikku);;;
261;Paide Selveri Südameapteek;Järva maakond - Paide linn Aiavilja tn 4;Pharma Group OÜ;Ei;Punane;Põhiapteek;Järva maakond;Suuremas linnas (vähemalt 4000 elanikku);;;
2324;Paide Selveri Südameapteek HA2;Harju maakond Kose vald Kose alevik Pikk tn 23;Pharma Group OÜ;Ei;Punane;Haruapteek;Harju maakond;Maal;;;
1422;Paide Suur Apteek;Järva maakond - Paide linn Pärnu tn 6;OÜ PharmaOne;Jah;Roheline;Põhiapteek;Järva maakond;Suuremas linnas (vähemalt 4000 elanikku);;;
125;Paide Vee Tänava Apteek;Järva maakond - Paide linn Vee tn 3;OÜ PAIDE VEE TÄNAVA APTEEK;Ei;Kollane;Põhiapteek;Järva maakond;Suuremas linnas (vähemalt 4000 elanikku);;;
2214;Paide Vee Tänava Apteek HA2;Järva maakond Väätsa vald Väätsa alevik Kooli tn 10;OÜ PAIDE VEE TÄNAVA APTEEK;Ei;Kollane;Haruapteek;Järva maakond;Maal;;;
147;Palamuse Apteek;Jõgeva maakond Jõgeva vald Palamuse alevik Suur tn 4;OÜ TRIFOLIUM VA;Jah;Roheline;Põhiapteek;Jõgeva maakond;Maal;;;
26;Paldiski Apteek;Harju maakond - Paldiski linn Rae tn 38;BENU Apteek Eesti OÜ;Ei;Punane;Põhiapteek;Harju maakond;Alla 4000 elanikuga linnas;;;
2265;Paldiski Apteek HA1;Harju maakond - Paldiski linn Rae tn 14b;BENU Apteek Eesti OÜ;Ei;Punane;Haruapteek;Harju maakond;Alla 4000 elanikuga linnas;;;
1311;Papiniidu Apteek;Pärnu maakond - Pärnu linn Papiniidu tn 8;BENU Apteek Eesti OÜ;Ei;Punane;Põhiapteek;Pärnu maakond;Suuremas linnas (vähemalt 4000 elanikku);;;
174;Pargi Apteek;Harju maakond Tallinn Mustamäe linnaosa J. Sütiste tee 19;BENU Apteek Eesti OÜ;Ei;Punane;Põhiapteek;Harju maakond;Suuremas linnas (vähemalt 4000 elanikku);;;
1476;Pargi Keskuse Apteek;Ida-Viru maakond, Jõhvi vald, Jõhvi linn Puru tee 1;Pargi Apteek OÜ;Jah;Roheline;Põhiapteek;Ida-Viru maakond;Suuremas linnas (vähemalt 4000 elanikku);;;
1477;Peetri Keskuse Südameapteek;Harju maakond Rae vald Peetri alevik Küti tee 4;Veerenni apteek OÜ;Jah;Roheline;Põhiapteek;Harju maakond;Maal;;;
1391;Peetri Selveri Südameapteek;Harju maakond Rae vald Peetri alevik Veesaare tee 2;Pharma Group OÜ;Ei;Punane;Põhiapteek;Harju maakond;Maal;;;
9;Pelgulinna Südameapteek;Harju maakond Tallinn Põhja-Tallinna linnaosa Ädala tn 1;Osaühing Pelgulinna Apteek;Jah;Roheline;Põhiapteek;Harju maakond;Suuremas linnas (vähemalt 4000 elanikku);;;
213;Pelguranna Apteek;Harju maakond Tallinn Põhja-Tallinna linnaosa Madala tn 3;BENU Apteek Eesti OÜ;Ei;Punane;Põhiapteek;Harju maakond;Suuremas linnas (vähemalt 4000 elanikku);;;
218;Pereapteek;Harju maakond Tallinn Kesklinna linnaosa Suur-Ameerika tn 18a;Osaühing Pereapteek;Jah;Roheline;Põhiapteek;Harju maakond;Suuremas linnas (vähemalt 4000 elanikku);;;
1351;Peterburi tee Rimi Apteek;Harju maakond, Tallinn, Lasnamäe linnaosa, Tooma tn 3;BENU Apteek Eesti OÜ;Ei;Punane;Põhiapteek;Harju maakond;Suuremas linnas (vähemalt 4000 elanikku);;;
1458;Pinna Apteek;Pinna Apteek Harju maakond, Tallinn, Lasnamäe linnaosa, P. Pinna tn 8;Pinna Management OÜ ;Jah;Roheline;Põhiapteek;Harju maakond;Suuremas linnas (vähemalt 4000 elanikku);;;
17;Pirita Südameapteek;Harju maakond Tallinn Pirita linnaosa Merivälja tee 24;Pharma Group OÜ;Ei;Punane;Põhiapteek;Harju maakond;Suuremas linnas (vähemalt 4000 elanikku);;;
296;Poordi Apteek;Harju maakond Tallinn Kesklinna linnaosa Poordi tn 1;BENU Apteek Eesti OÜ;Ei;Punane;Põhiapteek;Harju maakond;Suuremas linnas (vähemalt 4000 elanikku);;;
159;Port Arturi Apteek;Pärnu maakond - Pärnu linn Lai tn 11;Terve Pere Apteek OÜ;Ei;Punane;Põhiapteek;Pärnu maakond;Suuremas linnas (vähemalt 4000 elanikku);;;
2307;Port Arturi Apteek HA3;Pärnu maakond - Pärnu linn Ristiku tn 1;Terve Pere Apteek OÜ;Ei;Punane;Haruapteek;Pärnu maakond;Suuremas linnas (vähemalt 4000 elanikku);;;
304;Posti Apteek;Lääne maakond - Haapsalu linn Posti tn 26;BENU Apteek Eesti OÜ;Ei;Punane;Põhiapteek;Lääne maakond;Suuremas linnas (vähemalt 4000 elanikku);;;
2311;Posti Apteek HA1;Lääne maakond Haapsalu linn Uuemõisa küla Rannarootsi tee 1;BENU Apteek Eesti OÜ;Ei;Punane;Haruapteek;Lääne maakond;Maal;;;
241;Priisle Apteek;Harju maakond Tallinn Lasnamäe linnaosa Linnamäe tee 57;Osaühing EUROAPTEEK;Ei;Punane;Põhiapteek;Harju maakond;Suuremas linnas (vähemalt 4000 elanikku);;;
164;Puhja Apteek;Tartu maakond Elva vald Puhja alevik Elva tee 1;osaühing Kogu Pere Apteek;Jah;Roheline;Põhiapteek;Tartu maakond;Maal;;;
178;Puka Apteek;Valga maakond Puka vald Puka alevik Kesk tn 8;Marika Oksaare Puka Apteek;Jah;Roheline;Põhiapteek;Valga maakond;Maal;;;
253;Punane Apteek;Harju maakond, Tallinn, Lasnamäe linnaosa, Punane tn 16b;osaühing Saparal;Jah;Roheline;Põhiapteek;Harju maakond;Suuremas linnas (vähemalt 4000 elanikku);;;
2135;Punane Apteek HA1;Harju maakond Tallinn Lasnamäe linnaosa Mahtra tn 27;osaühing Saparal;Ei;Kollane;Haruapteek;Harju maakond;Suuremas linnas (vähemalt 4000 elanikku);;;
132;Puurmani Apteek;Jõgeva maakond Puurmani vald Puurmani alevik Tallinna mnt 4;MAIRE APTEEK OÜ;Ei;Kollane;Põhiapteek;Jõgeva maakond;Maal;;;
204;Põhja Rimi Apteek;Harju maakond Tallinn Põhja-Tallinna linnaosa Põhja pst 17;BENU Apteek Eesti OÜ;Ei;Punane;Põhiapteek;Harju maakond;Suuremas linnas (vähemalt 4000 elanikku);;;
1350;Põhjakeskuse Apteek;Lääne-Viru maakond Rakvere vald Tõrremäe küla ;Terve Pere Apteek OÜ;Ei;Punane;Põhiapteek;Lääne-Viru maakond;Maal;;;
129;Põltsamaa Apteek;Jõgeva maakond - Põltsamaa linn Lossi tn 9;BENU Apteek Eesti OÜ;Ei;Punane;Põhiapteek;Jõgeva maakond;Alla 4000 elanikuga linnas;;;
2128;Põltsamaa Apteek HA1;Viljandi maakond Viljandi vald Kolga-Jaani alevik Viljandi mnt 6;BENU Apteek Eesti OÜ;Ei;Punane;Haruapteek;Viljandi maakond;Maal;;;
1419;Põltsamaa Keskuse Apteek;Jõgeva maakond Põltsamaa vald Põltsamaa linn Kesk tn 2;OÜ PharmaTwo;Jah;Roheline;Põhiapteek;Jõgeva maakond;Alla 4000 elanikuga linnas;;;
1461;Põltsamaa Selveri Apteek;Jõgeva maakond, Põltsamaa vald, Põltsamaa linn, Jõgeva mnt 1a;"Osaühing ""Põltsamaa Uus Apteek""";Jah;Roheline;Põhiapteek;Jõgeva maakond;Alla 4000 elanikuga linnas;;;
255;Põltsamaa Uus Apteek;Jõgeva maakond - Põltsamaa linn Kesk tn 3;"Osaühing ""Põltsamaa Uus Apteek""";Jah;Roheline;Põhiapteek;Jõgeva maakond;Alla 4000 elanikuga linnas;;;
181;Põlva Apteek;Põlva maakond Põlva vald Põlva linn Mäe tn 2a;osaühing PÕLVA APTEEK;Jah;Roheline;Põhiapteek;Põlva maakond;Suuremas linnas (vähemalt 4000 elanikku);;;
2050;Põlva Apteek HA1;Põlva maakond Põlva vald Ahja alevik Tartu mnt 21;osaühing PÕLVA APTEEK;Jah;Roheline;Haruapteek;Põlva maakond;Maal;;;
2279;Põlva Apteek HA3;Võru maakond, Setomaa vald, Värska alevik, Pikk tn 30;osaühing PÕLVA APTEEK;Jah;Roheline;Haruapteek;Võru maakond;Maal;;;
1431;Põlva EDU Keskuse Apteek;Põlva maakond Põlva vald Põlva linn Aasa tn 1;Kaguapteek OÜ;Jah;Roheline;Põhiapteek;Põlva maakond;Suuremas linnas (vähemalt 4000 elanikku);;;
1462;Põlva Maksimarketi Apteek;Põlva maakond, Põlva vald, Põlva linn, Ringtee tn 4;osaühing PÕLVA APTEEK;Jah;Roheline;Põhiapteek;Põlva maakond;Suuremas linnas (vähemalt 4000 elanikku);;;
188;Põlva Tervisekeskuse Südameapteek;Põlva maakond Põlva vald Põlva linn Uus tn 2;Pharma Group OÜ;Ei;Punane;Põhiapteek;Põlva maakond;Suuremas linnas (vähemalt 4000 elanikku);;;
2078;Põlva Tervisekeskuse Südameapteek HA1;Põlva maakond Põlva vald Põlva linn Jaama tn 12a;Pharma Group OÜ;Ei;Punane;Haruapteek;Põlva maakond;Suuremas linnas (vähemalt 4000 elanikku);;;
2195;Põlva Tervisekeskuse Südameapteek HA2;Põlva maakond Põlva vald Põlva linn Kesk tn 10;Pharma Group OÜ;Ei;Punane;Haruapteek;Põlva maakond;Suuremas linnas (vähemalt 4000 elanikku);;;
273;Pärnu Keskuse Südameapteek;Pärnu maakond - Pärnu linn Aida tn 7;Pharma Group OÜ;Ei;Punane;Põhiapteek;Pärnu maakond;Suuremas linnas (vähemalt 4000 elanikku);;;
89;Pärnu Linnaapteek;Pärnu maakond - Pärnu linn Pikk tn 11;Helania OÜ;Jah;Roheline;Põhiapteek;Pärnu maakond;Suuremas linnas (vähemalt 4000 elanikku);;;
2079;Pärnu Linnaapteek HA1;Pärnu maakond - Pärnu linn Karja tn 4;Helania OÜ;Ei;Kollane;Haruapteek;Pärnu maakond;Suuremas linnas (vähemalt 4000 elanikku);;;
2196;Pärnu Linnaapteek HA2;Pärnu maakond Kihnu vald Linaküla ;Helania OÜ;Jah;Roheline;Haruapteek;Pärnu maakond;Maal;;;
1405;Pärnu Maksimarketi Südameapteek;Pärnu maakond Pärnu linn Papsaare küla Haapsalu mnt 43;Pharma Group OÜ;Ei;Punane;Põhiapteek;Pärnu maakond;Maal;;;
2292;Pärnu Maksimarketi Südameapteek HA1;Pärnu maakond, Pärnu linn, Paikuse alev, Pärnade pst 1;Pharma Group OÜ;Ei;Punane;Haruapteek;Pärnu maakond;Maal;;;
1325;Pärnu Rüütli Apteek;Pärnu maakond - Pärnu linn Rüütli tn 30;OÜ Jasmin Apteegid;Ei;Punane;Põhiapteek;Pärnu maakond;Suuremas linnas (vähemalt 4000 elanikku);;;
81;Pärnu Turu Südameapteek;Pärnu maakond - Pärnu linn Suur-Sepa tn 18;Pharma Group OÜ;Ei;Punane;Põhiapteek;Pärnu maakond;Suuremas linnas (vähemalt 4000 elanikku);;;
19;Raasiku Apteek;Harju maakond Raasiku vald Raasiku alevik Tallinna mnt 19;Osaühing Raasiku Apteek;Jah;Roheline;Põhiapteek;Harju maakond;Maal;;;
2149;Raasiku Apteek HA1;Harju maakond Raasiku vald Aruküla alevik Piiri tn 12a;Osaühing Raasiku Apteek;Jah;Roheline;Haruapteek;Harju maakond;Maal;;;
63;Raatuse Apteek;Tartu maakond - Tartu linn Raatuse tn 20;osaühing TARTU UUSAPTEEK;Jah;Roheline;Põhiapteek;Tartu maakond;Suuremas linnas (vähemalt 4000 elanikku);;;
137;Raekoja Apteek;Tartu maakond - Tartu linn Raekoja plats 1a;Terve Pere Apteek OÜ;Ei;Punane;Põhiapteek;Tartu maakond;Suuremas linnas (vähemalt 4000 elanikku);;;
2012;Raekoja Apteek HA1;Tartu maakond - Tartu linn Riia tn 1;Terve Pere Apteek OÜ;Ei;Punane;Haruapteek;Tartu maakond;Suuremas linnas (vähemalt 4000 elanikku);;;
2170;Raekoja Apteek HA2;Tartu maakond - Tartu linn Narva mnt 112;Terve Pere Apteek OÜ;Ei;Punane;Haruapteek;Tartu maakond;Suuremas linnas (vähemalt 4000 elanikku);;;
1332;Rahu Apteek;Ida-Viru maakond - Narva linn Pähklimäe tn 6a;Osaühing EUROAPTEEK;Ei;Punane;Põhiapteek;Ida-Viru maakond;Suuremas linnas (vähemalt 4000 elanikku);;;
2165;Rahu Apteek HA1;Ida-Viru maakond - Sillamäe linn Viru pst 35;Osaühing EUROAPTEEK;Ei;Punane;Haruapteek;Ida-Viru maakond;Suuremas linnas (vähemalt 4000 elanikku);;;
2258;Rahu Apteek HA2;Ida-Viru maakond Kohtla-Järve linn Ahtme linnaosa Maleva tn 23;Osaühing EUROAPTEEK;Ei;Punane;Haruapteek;Ida-Viru maakond;Suuremas linnas (vähemalt 4000 elanikku);;;
2270;Rahu Apteek HA3;Ida-Viru maakond - Narva linn Mõisa tn 8;Osaühing EUROAPTEEK;Ei;Punane;Haruapteek;Ida-Viru maakond;Suuremas linnas (vähemalt 4000 elanikku);;;
1474;Raja Südameapteek;Tartu maakond, Tartu linn Raja tn 31;Veerenni apteek OÜ;Jah;Roheline;Põhiapteek;Tartu maakond;Suuremas linnas (vähemalt 4000 elanikku);;;
71;Rakke Apteek;Lääne-Viru maakond Väike-Maarja vald Rakke alevik F. R. Faehlmanni tee 30;Rakke Apteek Osaühing;Jah;Roheline;Põhiapteek;Lääne-Viru maakond;Maal;;;
321;Rakvere Keskväljaku Apteek;Lääne-Viru maakond - Rakvere linn L. Koidula tn 1;Terve Pere Apteek OÜ;Ei;Punane;Põhiapteek;Lääne-Viru maakond;Suuremas linnas (vähemalt 4000 elanikku);;;
1455;Rakvere Laada Apteek;Lääne-Viru maakond - Rakvere linn Laada tn 39;OÜ PharmaOne;Jah;Roheline;Põhiapteek;Lääne-Viru maakond;Suuremas linnas (vähemalt 4000 elanikku);;;
58;Rakvere Maxima Südameapteek;Lääne-Viru maakond - Rakvere linn Tallinna tn 11;Pharma Group OÜ;Ei;Punane;Põhiapteek;Lääne-Viru maakond;Suuremas linnas (vähemalt 4000 elanikku);;;
2302;Rakvere Maxima Südameapteek HA1;Lääne-Viru maakond, Viru-Nigula vald, Aseri alevik, Tehase tn 23;Pharma Group OÜ;Ei;Punane;Haruapteek;Lääne-Viru maakond;Maal;;;
1424;Rakvere Vaala Keskuse Apteek;Lääne-Viru maakond - Rakvere linn Lõõtspilli tn 2;OÜ PharmaTwo;Jah;Roheline;Põhiapteek;Lääne-Viru maakond;Suuremas linnas (vähemalt 4000 elanikku);;;
244;Ranna Apteek;Pärnu maakond - Pärnu linn Pärna tn 12;Osaühing Ranna Apteek;Jah;Roheline;Põhiapteek;Pärnu maakond;Suuremas linnas (vähemalt 4000 elanikku);;;
45;Rapla Apteek;Rapla maakond Rapla vald Rapla linn Hariduse tn 3;BENU Apteek Eesti OÜ;Ei;Punane;Põhiapteek;Rapla maakond;Suuremas linnas (vähemalt 4000 elanikku);;;
1387;Raudalu Südameapteek;Harju maakond Tallinn Nõmme linnaosa Viljandi mnt 41a;Pharma Group OÜ;Ei;Punane;Põhiapteek;Harju maakond;Suuremas linnas (vähemalt 4000 elanikku);;;
233;Ravana Apteek;Tartu maakond - Tartu linn Võru tn 77;BENU Apteek Eesti OÜ;Ei;Punane;Põhiapteek;Tartu maakond;Suuremas linnas (vähemalt 4000 elanikku);;;
2328;Ravana Apteek HA2;Valga maakond Otepää vald Otepää linn Lipuväljak 28;BENU Apteek Eesti OÜ;Ei;Punane;Haruapteek;Valga maakond;Alla 4000 elanikuga linnas;;;
1341;Retke tee BENU Apteek;Harju maakond Tallinn Kristiine linnaosa Tuisu tn 30;BENU Apteek Eesti OÜ;Ei;Punane;Põhiapteek;Harju maakond;Suuremas linnas (vähemalt 4000 elanikku);;;
16;Revali Raeapteek;Harju maakond Tallinn Kesklinna linnaosa Raekoja plats 11;Terve Pere Apteek OÜ;Ei;Punane;Põhiapteek;Harju maakond;Suuremas linnas (vähemalt 4000 elanikku);;;
1460;Riia Maja Apteek;Pärnu maakond - Pärnu linn Riia mnt 169a;Helania OÜ;Jah;Roheline;Põhiapteek;Pärnu maakond;Suuremas linnas (vähemalt 4000 elanikku);;;
1454;Ringi Apteek;Järva maakond, Türi vald, Türi linn, Tallinna tn 4;Nordic Pharmacy OÜ;Jah;Roheline;Põhiapteek;Järva maakond;Suuremas linnas (vähemalt 4000 elanikku);;;
277;Ringtee Selveri Südameapteek;Tartu maakond - Tartu linn Aardla tn 114;Veerenni apteek OÜ;Jah;Roheline;Põhiapteek;Tartu maakond;Suuremas linnas (vähemalt 4000 elanikku);;;
2191;Ringtee Selveri Südameapteek HA2;Tartu maakond - Tartu linn L. Puusepa tn 3;Veerenni apteek OÜ;Ei;Kollane;Haruapteek;Tartu maakond;Suuremas linnas (vähemalt 4000 elanikku);;;
35;Risti Apteek;Lääne maakond Lääne-Nigula vald Risti alevik Jaama tn 1;osaühing RISTI APTEEK;Ei;Punane;Põhiapteek;Lääne maakond;Maal;;;
1354;Rocca al Mare Apteek;Harju maakond Tallinn Haabersti linnaosa Paldiski mnt 102;OÜ Jasmin Apteegid;Ei;Punane;Põhiapteek;Harju maakond;Suuremas linnas (vähemalt 4000 elanikku);;;
2294;Rocca al Mare Apteek HA1;Harju maakond Saue vald Laagri alevik Veskitammi tn 10;OÜ Jasmin Apteegid;Ei;Punane;Haruapteek;Harju maakond;Maal;;;
274;Rocca al Mare Keskuse Apteek;Harju maakond Tallinn Haabersti linnaosa Paldiski mnt 102;Terve Pere Apteek OÜ;Ei;Punane;Põhiapteek;Harju maakond;Suuremas linnas (vähemalt 4000 elanikku);;;
172;Rõuge Apteek;Võru maakond Rõuge vald Rõuge alevik Sänna mnt 4;OÜ Rõuge Apteek;Jah;Roheline;Põhiapteek;Võru maakond;Maal;;;
185;Räpina Apteek;Põlva maakond Räpina vald Räpina linn Võru mnt 1a;osaühing RÄPINA APTEEK;Ei;Kollane;Põhiapteek;Põlva maakond;Alla 4000 elanikuga linnas;;;
1323;Räpina Südameapteek;Põlva maakond Räpina vald Räpina linn Kooli tn 14a;Pharma Group OÜ;Ei;Punane;Põhiapteek;Põlva maakond;Alla 4000 elanikuga linnas;;;
1412;Saare Selveri Südameapteek;Saare maakond - Kuressaare linn Tallinna tn 67;Pharma Group OÜ;Ei;Punane;Põhiapteek;Saare maakond;Suuremas linnas (vähemalt 4000 elanikku);;;
49;Saaremaa Apteek;Saare maakond - Kuressaare linn Lossi tn 1;osaühing Saaremaa Apteek;Jah;Roheline;Põhiapteek;Saare maakond;Suuremas linnas (vähemalt 4000 elanikku);;;
116;Saku Südameapteek;Harju maakond Saku vald Saku alevik Juubelitammede tee 6;Pharma Group OÜ;Ei;Punane;Põhiapteek;Harju maakond;Maal;;;
1400;Saue Grossi BENU Apteek;Harju maakond - Saue linn Pärnasalu põik 1b;BENU Apteek Eesti OÜ;Ei;Punane;Põhiapteek;Harju maakond;Suuremas linnas (vähemalt 4000 elanikku);;;
1427;Saue Ladva Apteek;Harju maakond - Saue linn Kuuseheki tn 2;OÜ Kvatropharma;Jah;Roheline;Põhiapteek;Harju maakond;Suuremas linnas (vähemalt 4000 elanikku);;;
300;Selma Apteek;Harju maakond Tallinn Kesklinna linnaosa Lastekodu tn 11a;BENU Apteek Eesti OÜ;Ei;Punane;Põhiapteek;Harju maakond;Suuremas linnas (vähemalt 4000 elanikku);;;
60;Seminari Südameapteek;Lääne-Viru maakond - Rakvere linn Seminari tn 3;Pharma Group OÜ;Ei;Punane;Põhiapteek;Lääne-Viru maakond;Suuremas linnas (vähemalt 4000 elanikku);;;
1335;Sepa Keskuse Apteek;Tartu maakond - Tartu linn Sepa tn 21;BENU Apteek Eesti OÜ;Ei;Punane;Põhiapteek;Tartu maakond;Suuremas linnas (vähemalt 4000 elanikku);;;
2319;Sepa Keskuse Apteek HA1;Tartu maakond Elva vald Rõngu alevik Viljandi mnt 2;BENU Apteek Eesti OÜ;Ei;Punane;Haruapteek;Tartu maakond;Maal;;;
1321;Siili Apteek;Harju maakond Tallinn Mustamäe linnaosa Sõpruse pst 171;Osaühing EUROAPTEEK;Ei;Punane;Põhiapteek;Harju maakond;Suuremas linnas (vähemalt 4000 elanikku);;;
2158;Siili Apteek HA1;Harju maakond Tallinn Nõmme linnaosa Valdeku tn 114;Osaühing EUROAPTEEK;Ei;Punane;Haruapteek;Harju maakond;Suuremas linnas (vähemalt 4000 elanikku);;;
2218;Siili Apteek HA2;Harju maakond Tallinn Mustamäe linnaosa Kiili tn 16;Osaühing EUROAPTEEK;Ei;Punane;Haruapteek;Harju maakond;Suuremas linnas (vähemalt 4000 elanikku);;;
248;Sikupilli Apteek;Harju maakond Tallinn Lasnamäe linnaosa Tartu mnt 87;BENU Apteek Eesti OÜ;Ei;Punane;Põhiapteek;Harju maakond;Suuremas linnas (vähemalt 4000 elanikku);;;
2305;Sikupilli Apteek HA1;Harju maakond Kose vald Kose alevik Kodu tn 2;BENU Apteek Eesti OÜ;Ei;Punane;Haruapteek;Harju maakond;Maal;;;
1398;Sikupilli Keskuse Südameapteek;Harju maakond Tallinn Lasnamäe linnaosa Tartu mnt 87;Pharma Group OÜ;Ei;Punane;Põhiapteek;Harju maakond;Suuremas linnas (vähemalt 4000 elanikku);;;
1447;Sillamäe Maksimarketi Apteek;Ida-Viru maakond Sillamäe linn Viru pst 5;OÜ KONVALLARIA;Jah;Roheline;Põhiapteek;Ida-Viru maakond;Suuremas linnas (vähemalt 4000 elanikku);;;
1463;Sillamäe Pavlovi Apteek;Ida-Viru maakond, Sillamäe linn, I. Pavlovi tn 1a;OÜ PharmaThree;Jah;Roheline;Põhiapteek;Ida-Viru maakond;Suuremas linnas (vähemalt 4000 elanikku);;;
1369;Sitsi Apteek;Harju maakond Tallinn Põhja-Tallinna linnaosa Kopli tn 35b;Osaühing EUROAPTEEK;Ei;Punane;Põhiapteek;Harju maakond;Suuremas linnas (vähemalt 4000 elanikku);;;
1374;Smuuli Apteek;Harju maakond Tallinn Lasnamäe linnaosa J. Smuuli tee 9;Osaühing EUROAPTEEK;Ei;Punane;Põhiapteek;Harju maakond;Suuremas linnas (vähemalt 4000 elanikku);;;
74;Soldino Apteek;Ida-Viru maakond - Narva linn Mõisa tn 5;Osaühing LABELIA;Jah;Roheline;Põhiapteek;Ida-Viru maakond;Suuremas linnas (vähemalt 4000 elanikku);;;
1423;Stockmanni Apteek;Harju maakond Tallinn Kesklinna linnaosa Liivalaia tn 53;OÜ PharmaOne;Jah;Roheline;Põhiapteek;Harju maakond;Suuremas linnas (vähemalt 4000 elanikku);;;
183;Stroomi Keskuse Apteek;Harju maakond Tallinn Põhja-Tallinna linnaosa Tuulemaa tn 20;Terve Pere Apteek OÜ;Ei;Punane;Põhiapteek;Harju maakond;Suuremas linnas (vähemalt 4000 elanikku);;;
1330;Suurejõe Apteek;Pärnu maakond - Pärnu linn Suur-Jõe tn 57;BENU Apteek Eesti OÜ;Ei;Punane;Põhiapteek;Pärnu maakond;Suuremas linnas (vähemalt 4000 elanikku);;;
8;Suur-Pärnu Apteek;Harju maakond Tallinn Kesklinna linnaosa Pärnu mnt 76;BENU Apteek Eesti OÜ;Ei;Punane;Põhiapteek;Harju maakond;Suuremas linnas (vähemalt 4000 elanikku);;;
2114;Suur-Pärnu Apteek HA1;Harju maakond Tallinn Kesklinna linnaosa Narva mnt 1;BENU Apteek Eesti OÜ;Ei;Punane;Haruapteek;Harju maakond;Suuremas linnas (vähemalt 4000 elanikku);;;
152;Sõbra Selveri Apteek;Tartu maakond - Tartu linn Sõbra tn 56;BENU Apteek Eesti OÜ;Ei;Punane;Põhiapteek;Tartu maakond;Suuremas linnas (vähemalt 4000 elanikku);;;
2209;Sõbra Selveri Apteek HA2;Tartu maakond - Tartu linn Turu tn 14;BENU Apteek Eesti OÜ;Ei;Punane;Haruapteek;Tartu maakond;Suuremas linnas (vähemalt 4000 elanikku);;;
1456;Sõle Südameapteek;Harju maakond, Tallinn, Põhja-Tallinna linnaosa, Sõle tn 16;Osaühing Pelgulinna Apteek ;Jah;Roheline;Põhiapteek;Harju maakond;Suuremas linnas (vähemalt 4000 elanikku);;;
1406;Sõpruse Rimi Südameapteek;Harju maakond Tallinn Kristiine linnaosa Sõpruse pst 174;Pharma Group OÜ;Ei;Punane;Põhiapteek;Harju maakond;Suuremas linnas (vähemalt 4000 elanikku);;;
1457;T1 Apteek;Harju maakond, Tallinn, Lasnamäe linnaosa, Peterburi tee 2;Apt.Est OÜ;Jah;Roheline;Põhiapteek;Harju maakond;Suuremas linnas (vähemalt 4000 elanikku);;;
1469;Tabasalu Tervisekeskuse apteek;Harju maakond Harku vald Tabasalu alevik Teenuste tn 2;Tabasalu Apteek OÜ;Jah;Roheline;Põhiapteek;Harju maakond;Maal;;;
148;Tabivere Apteek;Tartu maakond Tartu vald Tabivere alevik Tuuliku tn 8;Tabivere Apteek OÜ;Jah;Roheline;Põhiapteek;Tartu maakond;Maal;;;
2;Tallinna Linnaapteek Solarises;Harju maakond Tallinn Kesklinna linnaosa Estonia pst 9;Terve Pere Apteek OÜ;Ei;Punane;Põhiapteek;Harju maakond;Suuremas linnas (vähemalt 4000 elanikku);;;
2057;Tallinna Linnaapteek Solarises HA1;Harju maakond Tallinn Kesklinna linnaosa Ravi tn 18;Terve Pere Apteek OÜ;Ei;Punane;Haruapteek;Harju maakond;Suuremas linnas (vähemalt 4000 elanikku);;;
2300;Tallinna Linnaapteek Solarises HA3;Harju maakond Viimsi vald Haabneeme alevik Sõpruse tee 15;Terve Pere Apteek OÜ;Ei;Punane;Haruapteek;Harju maakond;Maal;;;
1368;Tallinna Maantee Apteek;Saare maakond - Kuressaare linn Tallinna tn 64;Osaühing EUROAPTEEK;Ei;Punane;Põhiapteek;Saare maakond;Suuremas linnas (vähemalt 4000 elanikku);;;
38;Tamme Apteek;Tartu maakond - Tartu linn L. Puusepa tn 1a;Terve Pere Apteek OÜ;Ei;Punane;Põhiapteek;Tartu maakond;Suuremas linnas (vähemalt 4000 elanikku);;;
2273;Tamme Apteek HA1;Lääne maakond Lääne-Nigula vald Kullamaa küla ;Terve Pere Apteek OÜ;Ei;Punane;Haruapteek;Lääne maakond;Maal;;;
290;Tammiku Apteek;Ida-Viru maakond Kohtla-Järve linn Ahtme linnaosa Ridaküla tn 10-26;Osaühing FARMACOR QUATRA;Jah;Roheline;Põhiapteek;Ida-Viru maakond;Suuremas linnas (vähemalt 4000 elanikku);;;
2119;Tammiku Apteek HA1;Ida-Viru maakond Kohtla-Järve linn Oru linnaosa Männi tn 3;Osaühing FARMACOR QUATRA;Ei;Kollane;Haruapteek;Ida-Viru maakond;Suuremas linnas (vähemalt 4000 elanikku);;;
70;Tamsalu Uus Apteek;Lääne-Viru maakond Tapa vald Tamsalu linn Tehnika tn 1a;Osaühing Tamsalu Uus Apteek;Jah;Roheline;Põhiapteek;Lääne-Viru maakond;Alla 4000 elanikuga linnas;;;
64;Tapa Apteek;Lääne-Viru maakond Tapa vald Tapa linn Pikk tn 33;BENU Apteek Eesti OÜ;Ei;Punane;Põhiapteek;Lääne-Viru maakond;Suuremas linnas (vähemalt 4000 elanikku);;;
2326;Tapa Apteek HA1;Harju maakond Loksa linn Tallinna tn 36;BENU Apteek Eesti OÜ;Ei;Punane;Haruapteek;Harju maakond;Alla 4000 elanikuga linnas;;;
280;Tapa Grossi Keskuse Apteek;Lääne-Viru maakond Tapa vald Tapa linn Jaama tn 1;BENU Apteek Eesti OÜ;Ei;Punane;Põhiapteek;Lääne-Viru maakond;Suuremas linnas (vähemalt 4000 elanikku);;;
2325;Tapa Grossi Keskuse Apteek HA3;Lääne-Viru maakond Haljala vald Võsu alevik Mere tn 63a;BENU Apteek Eesti OÜ;Ei;Punane;Haruapteek;Lääne-Viru maakond;Maal;;;
1438;Tapa Konsumi Apteek;Lääne-Viru maakond Tapa vald Tapa linn Kivilo tn 3;OSAÜHING JÕHVI APTEEK;Jah;Roheline;Põhiapteek;Lääne-Viru maakond;Suuremas linnas (vähemalt 4000 elanikku);;;
1339;Tapa Südameapteek;Lääne-Viru maakond Tapa vald Tapa linn Valgejõe pst 14/2;Pharma Group OÜ;Ei;Punane;Põhiapteek;Lääne-Viru maakond;Suuremas linnas (vähemalt 4000 elanikku);;;
2332;Tartu Kalda Suur  Apteek HA1;Lääne-Viru maakond Tapa vald Tamsalu linn Koidu tn 16;OÜ Pharmandia;Jah;Roheline;Haruapteek;Lääne-Viru maakond;Alla 4000 elanikuga linnas;;;
1410;Tartu Kalda Suur Apteek;Tartu maakond, Tartu linn, Tartu linn, Kalda tee 15;OÜ Pharmandia;Jah;Roheline;Põhiapteek;Tartu maakond;Suuremas linnas (vähemalt 4000 elanikku);;;
126;Tartu Kesklinna Südameapteek;Tartu maakond - Tartu linn Küüni tn 7;Pharma Group OÜ;Ei;Punane;Põhiapteek;Tartu maakond;Suuremas linnas (vähemalt 4000 elanikku);;;
1334;Tartu Küüni Apteek;Tartu maakond - Tartu linn Küüni tn 5b;OÜ Jasmin Apteegid;Ei;Punane;Põhiapteek;Tartu maakond;Suuremas linnas (vähemalt 4000 elanikku);;;
1310;Tartu Ringtee Südameapteek;Tartu maakond - Tartu linn Ringtee tn 60a;Pharma Group OÜ;Ei;Punane;Põhiapteek;Tartu maakond;Suuremas linnas (vähemalt 4000 elanikku);;;
1338;Tartu Sõbra Apteek;Tartu maakond - Tartu linn Sõbra tn 58;BENU Apteek Eesti OÜ;Ei;Punane;Põhiapteek;Tartu maakond;Suuremas linnas (vähemalt 4000 elanikku);;;
2316;Tartu Sõbra Apteek HA1;Tartu maakond Luunja vald Veibri küla Kasesalu tee 51;BENU Apteek Eesti OÜ;Ei;Punane;Haruapteek;Tartu maakond;Maal;;;
85;Tartu Turu Südameapteek;Tartu maakond - Tartu linn Soola tn 7;Pharma Group OÜ;Ei;Punane;Põhiapteek;Tartu maakond;Suuremas linnas (vähemalt 4000 elanikku);;;
322;Tasku Apteek;Tartu maakond - Tartu linn Turu tn 2;Terve Pere Apteek OÜ;Ei;Punane;Põhiapteek;Tartu maakond;Suuremas linnas (vähemalt 4000 elanikku);;;
2009;Tasku Apteek HA1;Tartu maakond - Tartu linn Võru tn 55f;Terve Pere Apteek OÜ;Ei;Punane;Haruapteek;Tartu maakond;Suuremas linnas (vähemalt 4000 elanikku);;;
2169;Tasku Apteek HA2;Tartu maakond - Tartu linn Ringtee tn 75a;Terve Pere Apteek OÜ;Ei;Punane;Haruapteek;Tartu maakond;Suuremas linnas (vähemalt 4000 elanikku);;;
1366;Telliskivi Apteek;Harju maakond Tallinn Põhja-Tallinna linnaosa Telliskivi tn 61;Osaühing EUROAPTEEK;Ei;Punane;Põhiapteek;Harju maakond;Suuremas linnas (vähemalt 4000 elanikku);;;
179;Tiimanni Apteek;Ida-Viru maakond - Narva linn A-A. Tiimanni tn 20;BENU Apteek Eesti OÜ;Ei;Punane;Põhiapteek;Ida-Viru maakond;Suuremas linnas (vähemalt 4000 elanikku);;;
1386;Tondi Selveri Apteek;Harju maakond Tallinn Kristiine linnaosa A. H. Tammsaare tee 62;Terve Pere Apteek OÜ;Ei;Punane;Põhiapteek;Harju maakond;Suuremas linnas (vähemalt 4000 elanikku);;;
1377;Tootsi Apteek;Pärnu maakond Põhja-Pärnumaa vald Tootsi alev Kesk tn 7;Maire Vaarmanni Tootsi Apteek;Jah;Roheline;Põhiapteek;Pärnu maakond;Maal;;;
102;Tori Apteek;Pärnu maakond Tori vald Tori alevik Pärnu mnt 3;OÜ Tori Apteek;Jah;Roheline;Põhiapteek;Pärnu maakond;Maal;;;
154;Torma Apteek;Jõgeva maakond Jõgeva vald Torma alevik Kesk tn 6;Osaühing Torma Apteek;Jah;Roheline;Põhiapteek;Jõgeva maakond;Maal;;;
252;Torupilli Apteek;Harju maakond Tallinn Kesklinna linnaosa Vesivärava tn 37;BENU Apteek Eesti OÜ;Ei;Punane;Põhiapteek;Harju maakond;Suuremas linnas (vähemalt 4000 elanikku);;;
1;Tõnismäe Südameapteek 24h;Harju maakond Tallinn Kesklinna linnaosa Tõnismägi 5;Pharma Group OÜ;Ei;Punane;Põhiapteek;Harju maakond;Suuremas linnas (vähemalt 4000 elanikku);;;
133;Tõrva Südameapteek;Valga maakond - Tõrva linn Tartu tn 4;Pharma Group OÜ;Ei;Punane;Põhiapteek;Valga maakond;Alla 4000 elanikuga linnas;;;
29;Tähe Apteek;Viljandi maakond Viljandi linn Turu tn 8;BENU Apteek Eesti OÜ;Ei;Punane;Põhiapteek;Viljandi maakond;Suuremas linnas (vähemalt 4000 elanikku);;;
1446;Tähesaju Selveri Apteek;Harju maakond Tallinn Lasnamäe linnaosa Tähesaju tee 1;MAPharm OÜ;Jah;Roheline;Põhiapteek;Harju maakond;Suuremas linnas (vähemalt 4000 elanikku);;;
138;Tähtvere Apteek;Tartu maakond - Tartu linn F. Tuglase tn 19;OÜ Pharmandia;Jah;Roheline;Põhiapteek;Tartu maakond;Suuremas linnas (vähemalt 4000 elanikku);;;
1353;Tööstuse Rimi Apteek;Harju maakond Tallinn Põhja-Tallinna linnaosa Tööstuse tn 103;BENU Apteek Eesti OÜ;Ei;Punane;Põhiapteek;Harju maakond;Suuremas linnas (vähemalt 4000 elanikku);;;
122;Türi Apteek;Järva maakond Türi vald Türi linn Paide tn 7b;Türi Apteek Osaühing;Ei;Kollane;Põhiapteek;Järva maakond;Suuremas linnas (vähemalt 4000 elanikku);;;
278;Türi Tervisekeskuse Apteek;Järva maakond Türi vald Türi linn Viljandi tn 26;osaühing Folia Apteek;Jah;Roheline;Põhiapteek;Järva maakond;Suuremas linnas (vähemalt 4000 elanikku);;;
1473;Ujula Konsumi apteek;Tartu maakond, Tartu linn, Tartu linn, Ujula tn 2;osaühing TARTU UUSAPTEEK;Jah;Roheline;Põhiapteek;Tartu maakond;Suuremas linnas (vähemalt 4000 elanikku);;;
105;Uku Keskuse Apteek;Viljandi maakond - Viljandi linn Tallinna tn 41;Terve Pere Apteek OÜ;Ei;Punane;Põhiapteek;Viljandi maakond;Suuremas linnas (vähemalt 4000 elanikku);;;
1324;Uuesilla Apteek;Pärnu maakond - Pärnu linn Riia mnt 131;Osaühing EUROAPTEEK;Ei;Punane;Põhiapteek;Pärnu maakond;Suuremas linnas (vähemalt 4000 elanikku);;;
2293;Uuesilla Apteek HA1;Põlva maakond Räpina vald Räpina linn Pargi tn 1;Osaühing EUROAPTEEK;Ei;Punane;Haruapteek;Põlva maakond;Alla 4000 elanikuga linnas;;;
2297;Uuesilla Apteek HA2;Valga maakond - Tõrva linn Tamme tn 2;Osaühing EUROAPTEEK;Ei;Punane;Haruapteek;Valga maakond;Alla 4000 elanikuga linnas;;;
234;Uus Apteek;Tartu maakond - Tartu linn Pikk tn 60;osaühing TARTU UUSAPTEEK;Jah;Roheline;Põhiapteek;Tartu maakond;Suuremas linnas (vähemalt 4000 elanikku);;;
2062;Uus Apteek HA1;Tartu maakond - Tartu linn L. Puusepa tn 8;osaühing TARTU UUSAPTEEK;Ei;Kollane;Haruapteek;Tartu maakond;Suuremas linnas (vähemalt 4000 elanikku);;;
2187;Uus Apteek HA2;Tartu maakond Nõo vald Nõo alevik Oja tn 12;osaühing TARTU UUSAPTEEK;Jah;Roheline;Haruapteek;Tartu maakond;Maal;;;
79;Uus-Ahtme Apteek;Ida-Viru maakond Kohtla-Järve linn Ahtme linnaosa Puru tee 77;Osaühing EUROAPTEEK;Ei;Punane;Põhiapteek;Ida-Viru maakond;Suuremas linnas (vähemalt 4000 elanikku);;;
1357;Vabaduse Apteek;Harju maakond Tallinn Kesklinna linnaosa Vabaduse väljak 10;Osaühing EUROAPTEEK;Ei;Punane;Põhiapteek;Harju maakond;Suuremas linnas (vähemalt 4000 elanikku);;;
1429;Vaksali Apteek;Tartu maakond - Tartu linn Vaksali tn 17;Vaksali Apteek OÜ;Jah;Roheline;Põhiapteek;Tartu maakond;Suuremas linnas (vähemalt 4000 elanikku);;;
134;Valga Haigla Apteek;Valga maakond - Valga linn Peetri tn 2;OÜ Valga Haigla Apteek;Ei;Punane;Põhiapteek;Valga maakond;Suuremas linnas (vähemalt 4000 elanikku);;;
175;Valga Maxima Südameapteek;Valga maakond - Valga linn Jaama pst 2b;Pharma Group OÜ;Ei;Punane;Põhiapteek;Valga maakond;Suuremas linnas (vähemalt 4000 elanikku);;;
76;Valga Selveri Apteek;Valga maakond Valga vald Valga linn Raja tn 5;Terve Pere Apteek OÜ;Ei;Punane;Põhiapteek;Valga maakond;Suuremas linnas (vähemalt 4000 elanikku);;;
2310;Valga Selveri Apteek HA2;Valga maakond Otepää vald Sangaste alevik Nooruse tn 2;Terve Pere Apteek OÜ;Ei;Punane;Haruapteek;Valga maakond;Maal;;;
1320;Valga Südameapteek;Valga maakond - Valga linn Vabaduse tn 39;Pharma Group OÜ;Ei;Punane;Põhiapteek;Valga maakond;Suuremas linnas (vähemalt 4000 elanikku);;;
211;Vana Apteek;Lääne maakond - Haapsalu linn Posti tn 15;osaühing Akos Apteek;Jah;Roheline;Põhiapteek;Lääne maakond;Suuremas linnas (vähemalt 4000 elanikku);;;
2039;Vana Apteek HA1;Tartu maakond Kambja vald Tõrvandi alevik Papli tn 6;osaühing Akos Apteek;Jah;Roheline;Haruapteek;Tartu maakond;Maal;;;
195;Vana-Vigala Apteek; Rapla maakond Märjamaa vald Vana-Vigala küla Jaama tn 2 ;OÜ VIGALA APTEEK;Ei;Punane;Põhiapteek;Rapla maakond;Maal;;;
2176;Vana-Vigala Apteek HA2;Rapla maakond Märjamaa vald Märjamaa alev Oru tn 12;OÜ VIGALA APTEEK;Ei;Punane;Haruapteek;Rapla maakond;Maal;;;
190;Vastseliina Apteek;Võru maakond Võru vald Vastseliina alevik Võidu tn 22;OÜ Vastseliina Apteek;Jah;Roheline;Põhiapteek;Võru maakond;Maal;;;
7;Veerenni Tervisekeskuse Südameapteek;Harju maakond Tallinn Kesklinna linnaosa Veerenni tn 53a;Veerenni apteek OÜ;Jah;Roheline;Põhiapteek;Harju maakond;Suuremas linnas (vähemalt 4000 elanikku);;;
24;Viimsi Haigla Apteek;Harju maakond Viimsi vald Haabneeme alevik Kaluri tee 5a;Terve Pere Apteek OÜ;Ei;Punane;Põhiapteek;Harju maakond;Maal;;;
307;Vikerlase Südameapteek 24h;Harju maakond Tallinn Lasnamäe linnaosa Vikerlase tn 19;Pharma Group OÜ;Ei;Punane;Põhiapteek;Harju maakond;Suuremas linnas (vähemalt 4000 elanikku);;;
2320;Vikerlase Südameapteek 24h HA1;Harju maakond Kuusalu vald Kuusalu alevik Kuusalu tee 13;Pharma Group OÜ;Ei;Punane;Haruapteek;Harju maakond;Maal;;;
108;Viljandi Apteek;Viljandi maakond - Viljandi linn Tartu tn 1;OÜ Jasmin Apteegid;Ei;Punane;Põhiapteek;Viljandi maakond;Suuremas linnas (vähemalt 4000 elanikku);;;
114;Viljandi Maksimarketi Apteek;Viljandi maakond - Viljandi linn Lääne tn 2;Osaühing Ridaküla Apteek;Jah;Roheline;Põhiapteek;Viljandi maakond;Suuremas linnas (vähemalt 4000 elanikku);;;
270;Viljandi Vana Apteek;Viljandi maakond - Viljandi linn Tallinna tn 2;OÜ Viljandi Vana-Apteek;Ei;Punane;Põhiapteek;Viljandi maakond;Suuremas linnas (vähemalt 4000 elanikku);;;
2101;Viljandi Vana Apteek HA1;Viljandi maakond Kõpu vald Kõpu alevik Viljandi mnt 4;OÜ Viljandi Vana-Apteek;Ei;Punane;Haruapteek;Viljandi maakond;Maal;;;
2284;Viljandi Vana Apteek HA2;Viljandi maakond Viljandi vald Jämejala küla Pärna tee 3;OÜ Viljandi Vana-Apteek;Ei;Punane;Haruapteek;Viljandi maakond;Maal;;;
220;Vinni Apteek;Lääne-Viru maakond Vinni vald Vinni alevik Sõpruse tn 1a;Osaühing Salvare Apteek;Jah;Roheline;Põhiapteek;Lääne-Viru maakond;Maal;;;
247;Virbi Apteek;Harju maakond Tallinn Lasnamäe linnaosa Virbi tn 4;Osaühing EstELIN & K;Jah;Roheline;Põhiapteek;Harju maakond;Suuremas linnas (vähemalt 4000 elanikku);;;
1436;Virbi Euroapteek;Harju maakond Tallinn Lasnamäe linnaosa Virbi tn 12;OÜ Kvatropharma;Jah;Roheline;Põhiapteek;Harju maakond;Suuremas linnas (vähemalt 4000 elanikku);;;
1376;Vironia Keskuse Apteek;Ida-Viru maakond Kohtla-Järve linn Järve linnaosa Järveküla tee 50;Terve Pere Apteek OÜ;Ei;Punane;Põhiapteek;Ida-Viru maakond;Suuremas linnas (vähemalt 4000 elanikku);;;
56;Viru Apteek;Ida-Viru maakond - Sillamäe linn Viru pst 2;Terve Pere Apteek OÜ;Ei;Punane;Põhiapteek;Ida-Viru maakond;Suuremas linnas (vähemalt 4000 elanikku);;;
214;Viru Platsi Apteek;Harju maakond Tallinn Kesklinna linnaosa Gonsiori tn 3;BENU Apteek Eesti OÜ;Ei;Punane;Põhiapteek;Harju maakond;Suuremas linnas (vähemalt 4000 elanikku);;;
2306;Viru Platsi Apteek HA1;Harju maakond Rae vald Jüri alevik Aruküla tee 29;BENU Apteek Eesti OÜ;Ei;Punane;Haruapteek;Harju maakond;Maal;;;
1452;Viru Puiestee Apteek;Ida-Viru maakond Sillamäe linn Viru pst 22b;OÜ KONVALLARIA ;Jah;Roheline;Põhiapteek;Ida-Viru maakond;Suuremas linnas (vähemalt 4000 elanikku);;;
1340;Viru Südameapteek;Lääne-Viru maakond - Rakvere linn Laada tn 20;Pharma Group OÜ;Ei;Punane;Põhiapteek;Lääne-Viru maakond;Suuremas linnas (vähemalt 4000 elanikku);;;
2322;Viru Südameapteek HA2;Lääne-Viru maakond Kadrina vald Kadrina alevik Viitna tee 4;Pharma Group OÜ;Ei;Punane;Haruapteek;Lääne-Viru maakond;Maal;;;
57;Virumaa Apteek;Lääne-Viru maakond - Rakvere linn Laada tn 27;BENU Apteek Eesti OÜ;Ei;Punane;Põhiapteek;Lääne-Viru maakond;Suuremas linnas (vähemalt 4000 elanikku);;;
2125;Virumaa Apteek HA1;Lääne-Viru maakond - Rakvere linn Tuleviku tn 1;BENU Apteek Eesti OÜ;Ei;Punane;Haruapteek;Lääne-Viru maakond;Suuremas linnas (vähemalt 4000 elanikku);;;
2243;Virumaa Apteek HA2;Lääne-Viru maakond Haljala vald Haljala alevik Rakvere mnt 3;BENU Apteek Eesti OÜ;Ei;Punane;Haruapteek;Lääne-Viru maakond;Maal;;;
2329;Virumaa Apteek HA3;Lääne-Viru maakond Väike-Maarja vald Väike-Maarja alevik Pikk tn 12;BENU Apteek Eesti OÜ;Ei;Punane;Haruapteek;Lääne-Viru maakond;Maal;;;
143;Võnnu Apteek;Tartu maakond Kastre vald Võnnu alevik Tartu tn 22;OÜ VÕNNU APTEEK;Jah;Roheline;Põhiapteek;Tartu maakond;Maal;;;
2013;Võnnu Apteek HA1;Tartu maakond Kastre vald Melliste küla Järve põik 5;OÜ VÕNNU APTEEK;Jah;Roheline;Haruapteek;Tartu maakond;Maal;;;
2171;Võnnu Apteek HA2;Põlva maakond Põlva vald Mooste alevik Järveotsa tee 3;OÜ VÕNNU APTEEK;Jah;Roheline;Haruapteek;Põlva maakond;Maal;;;
2268;Võnnu Apteek HA3;Tartu maakond Kastre vald Roiu alevik Kesktänav 9;OÜ VÕNNU APTEEK;Jah;Roheline;Haruapteek;Tartu maakond;Maal;;;
169;Võru Apteek;Võru maakond - Võru linn Vabaduse tn 10b;BENU Apteek Eesti OÜ;Ei;Punane;Põhiapteek;Võru maakond;Suuremas linnas (vähemalt 4000 elanikku);;;
27;Võru Maksimarketi Südameapteek;Võru maakond Võru linn Jüri tn 83;Pharma Group OÜ;Ei;Punane;Põhiapteek;Võru maakond;Suuremas linnas (vähemalt 4000 elanikku);;;
1322;Võru Polikliiniku Südameapteek;Võru maakond - Võru linn Jüri tn 19a;Pharma Group OÜ;Ei;Punane;Põhiapteek;Võru maakond;Suuremas linnas (vähemalt 4000 elanikku);;;
1384;Võru Rimi Apteek;Võru maakond - Võru linn Jüri tn 85;BENU Apteek Eesti OÜ;Ei;Punane;Põhiapteek;Võru maakond;Suuremas linnas (vähemalt 4000 elanikku);;;
212;Võru Väike Apteek;Võru maakond - Võru linn Jüri tn 21;Osaühing Sella MT;Jah;Roheline;Põhiapteek;Võru maakond;Suuremas linnas (vähemalt 4000 elanikku);;;
1403;Väike-Maarja Apteek;Lääne-Viru maakond Väike-Maarja vald Väike-Maarja alevik Ravi tn 1;V-M ApteeK OÜ;Jah;Roheline;Põhiapteek;Lääne-Viru maakond;Maal;;;
101;Vändra Turu Apteek;Pärnu maakond Vändra vald (alev) Vändra alev Turu tn 6b;osaühing Folia Apteek;Jah;Roheline;Põhiapteek;Pärnu maakond;Maal;;;
100;Vändra Vana Apteek;Pärnu maakond Põhja-Pärnumaa vald Vändra alev Vihtra tee 4;osaühing Gvander;Jah;Roheline;Põhiapteek;Pärnu maakond;Maal;;;
2115;Vändra Vana Apteek HA1;Pärnu maakond Põhja-Pärnumaa vald Vändra alev Pärnu-Paide mnt 21;osaühing Gvander;Jah;Roheline;Haruapteek;Pärnu maakond;Maal;;;
120;Õismäe Apteek;Harju maakond Tallinn Haabersti linnaosa Õismäe tee 1b;BENU Apteek Eesti OÜ;Ei;Punane;Põhiapteek;Harju maakond;Suuremas linnas (vähemalt 4000 elanikku);;;
2213;Õismäe Apteek HA2;Harju maakond Tallinn Kesklinna linnaosa Sadama tn 6;BENU Apteek Eesti OÜ;Ei;Punane;Haruapteek;Harju maakond;Suuremas linnas (vähemalt 4000 elanikku);;;
91;Ülejõe Apteek;Pärnu maakond - Pärnu linn J. V. Jannseni tn 7a;OÜ Lartim;Jah;Roheline;Põhiapteek;Pärnu maakond;Suuremas linnas (vähemalt 4000 elanikku);;;
2197;Ülejõe Apteek HA2;Pärnu maakond - Pärnu linn Sadama tn 15;OÜ Lartim;Ei;Kollane;Haruapteek;Pärnu maakond;Suuremas linnas (vähemalt 4000 elanikku);;;
2259;Ülejõe Apteek HA3;Pärnu maakond Tori vald Sindi linn Jaama tn 8;OÜ Lartim;Jah;Roheline;Haruapteek;Pärnu maakond;Alla 4000 elanikuga linnas;;;
2336;Ülejõe Apteek HA4;Pärnu maakond, Pärnu linn, Tõstamaa alevik, Varbla mnt 24;OÜ Lartim;Jah;Roheline;Haruapteek;Pärnu maakond;Maal;;;
2346;Ülejõe Apteek HA5;Pärnu maakond Halinga vald Pärnu-Jaagupi alev Uus tn 20a;OÜ Lartim;Jah;Roheline;Haruapteek;Pärnu maakond;Maal;;;
2347;Ülejõe Apteek HA6;Pärnu maakond Pärnu linn Audru alevik Pärna allee 7;OÜ Lartim;Jah;Roheline;Haruapteek;Pärnu maakond;Maal;;;
231;Ülejõe Selveri Apteek;Pärnu maakond - Pärnu linn Tallinna mnt 93a;Terve Pere Apteek OÜ;Ei;Punane;Põhiapteek;Pärnu maakond;Suuremas linnas (vähemalt 4000 elanikku);;;
1401;Ülemiste Keskuse Südameapteek;Harju maakond Tallinn Lasnamäe linnaosa Suur-Sõjamäe tn 4;Pharma Group OÜ;Ei;Punane;Põhiapteek;Harju maakond;Suuremas linnas (vähemalt 4000 elanikku);;;
1162;Ülemiste Südameapteek;Harju maakond Tallinn Lasnamäe linnaosa Suur-Sõjamäe tn 4;Pharma Group OÜ;Ei;Punane;Põhiapteek;Harju maakond;Suuremas linnas (vähemalt 4000 elanikku);;;
1468;Ülemiste Tervisemaja Apteek;Harju maakond, Tallinn, Lasnamäe linnaosa, Valukoja tn 7/2-Karl Papello maja;Nordic Pharmacy OÜ;Jah;Roheline;Põhiapteek;Harju maakond;Suuremas linnas (vähemalt 4000 elanikku);;;
2338;Ülemiste Tervisemaja Apteek HA1;Viljandi maakond, Põhja-Sakala vald, Suure-Jaani linn, Pärnu tn 4;Nordic Pharmacy OÜ;Jah;Roheline;Haruapteek;Viljandi maakond;Alla 4000 elanikuga linnas;;;
2343;Ülemiste Tervisemaja Apteek HA2;Jõgeva maakond, Põltsamaa vald, Põltsamaa linn, Tartu mnt 1b;Nordic Pharmacy OÜ;Jah;Roheline;Haruapteek;Jõgeva maakond;Alla 4000 elanikuga linnas;;;
1326;Ümera Apteek;Harju maakond Tallinn Lasnamäe linnaosa Laagna tee 80;Osaühing EUROAPTEEK;Ei;Punane;Põhiapteek;Harju maakond;Suuremas linnas (vähemalt 4000 elanikku);;;
2323;Ümera Apteek HA2;Harju maakond Jõelähtme vald Loo alevik Saha tee 9;Osaühing EUROAPTEEK;Ei;Punane;Haruapteek;Harju maakond;Maal;;;
;;;;;;;;;;;
;;;;;;;;;;;
;;;;;;;;;;;
;;;;;;;;;;;
